,Actual_USD,Predicted_USD,Actual_CNY,Predicted_CNY,Actual_JPY,Predicted_JPY,Actual_EUR,Predicted_EUR,Actual_GBP,Predicted_GBP
2024-01-01,1289.4,1293.3022,180.84,182.46783,912.66,918.2346,1426.59,1443.7328,1641.79,1664.2085
2024-01-02,1289.4,1291.6793,180.84,182.3139,915.6,918.2981,1423.63,1442.4764,1641.92,1662.1936
2024-01-03,1299.3,1292.6974,182.63,182.37402,914.55,918.2547,1421.82,1438.8014,1639.85,1657.6438
2024-01-04,1308.8,1295.3203,183.19,182.77692,914.76,919.3865,1429.86,1437.4254,1657.99,1656.5985
2024-01-05,1310.2,1298.8059,182.94,183.26736,905.68,919.5991,1434.28,1438.3121,1662.12,1659.5209
2024-01-06,1310.2,1302.3239,182.94,183.70416,905.68,917.8202,1434.28,1440.106,1662.12,1664.1627
2024-01-07,1310.2,1305.8091,182.94,184.12823,905.68,916.44604,1434.28,1442.1642,1662.12,1669.0531
2024-01-08,1313.7,1309.2556,183.0,184.54002,907.47,914.7469,1437.19,1444.7625,1670.11,1673.8595
2024-01-09,1314.8,1311.2352,183.47,184.60428,912.14,913.8673,1439.84,1448.2517,1675.91,1680.3013
2024-01-10,1312.1,1313.0275,182.96,184.66435,908.94,912.8962,1434.32,1449.8,1667.55,1683.6539
2024-01-11,1320.1,1313.0901,183.83,184.5908,906.6,912.953,1448.55,1450.5016,1682.07,1685.2716
2024-01-12,1316.0,1313.6191,183.51,184.65735,906.24,913.60425,1444.11,1452.7922,1679.81,1688.736
2024-01-13,1316.0,1314.2131,183.51,184.74187,906.24,914.1626,1444.11,1454.3495,1679.81,1691.4485
2024-01-14,1316.0,1314.3184,183.51,184.81998,906.24,914.1701,1444.11,1455.5521,1679.81,1693.0259
2024-01-15,1314.1,1314.285,183.35,184.83105,906.03,913.34283,1438.55,1456.3333,1673.97,1693.5945
2024-01-16,1319.3,1314.335,183.63,184.89246,905.09,912.6429,1444.44,1456.9832,1678.74,1694.379
2024-01-17,1329.0,1316.8761,184.7,185.01987,903.22,911.46985,1445.69,1455.1224,1679.39,1691.7965
2024-01-18,1343.2,1320.2675,186.19,185.30411,906.74,910.98456,1461.67,1455.4023,1702.84,1691.282
2024-01-19,1342.4,1324.9196,186.06,185.8088,906.57,910.3008,1460.26,1458.2817,1705.85,1695.3842
2024-01-20,1342.4,1328.6432,186.06,186.25407,906.57,909.8493,1460.26,1461.896,1705.85,1701.3948
2024-01-21,1342.4,1333.0548,186.06,186.77516,906.57,909.8606,1460.26,1466.3077,1705.85,1708.2955
2024-01-22,1336.5,1337.0131,185.35,187.26599,901.91,910.1292,1456.25,1469.8511,1697.89,1714.4359
2024-01-23,1334.7,1339.0553,185.11,187.47104,901.52,910.2815,1452.35,1472.2067,1696.0,1718.8788
2024-01-24,1336.0,1338.9774,186.0,187.3221,900.82,908.9592,1450.63,1470.5563,1695.85,1718.008
2024-01-25,1339.1,1337.6176,186.65,187.23155,907.34,907.6073,1457.61,1469.6233,1703.74,1716.695
2024-01-26,1335.7,1337.2047,186.45,187.33522,905.04,907.74445,1448.43,1468.3806,1697.14,1715.3557
2024-01-27,1335.7,1335.5979,186.45,187.38393,905.04,907.39594,1448.43,1466.2732,1697.14,1713.5442
2024-01-28,1335.7,1334.72,186.45,187.56927,905.04,907.77203,1448.43,1464.6292,1697.14,1712.9863
2024-01-29,1336.6,1334.279,186.12,187.82443,902.62,908.40607,1449.34,1463.6978,1696.35,1713.038
2024-01-30,1336.9,1334.3801,185.85,187.92262,906.74,909.8126,1448.73,1463.1799,1699.6,1713.0426
2024-01-31,1330.6,1333.6708,185.15,187.80238,901.89,910.20575,1443.1,1462.1421,1689.6,1713.0876
2024-02-01,1333.5,1332.7899,185.63,187.5768,908.19,911.2075,1442.11,1461.6774,1691.61,1712.1406
2024-02-02,1332.5,1331.558,185.21,187.35667,910.24,913.0345,1449.23,1460.8184,1698.6,1711.6632
2024-02-03,1332.5,1332.99,185.21,187.19417,910.24,912.3083,1449.23,1459.3348,1698.6,1709.8137
2024-02-04,1332.5,1333.4438,185.21,187.01065,910.24,912.9653,1449.23,1459.2362,1698.6,1710.2487
2024-02-05,1325.1,1333.497,184.48,186.87079,892.23,913.566,1427.53,1459.6178,1671.61,1710.6315
2024-02-06,1334.6,1334.3154,185.18,186.78539,897.75,910.6796,1433.76,1456.5673,1672.99,1706.9338
2024-02-07,1329.6,1333.9478,184.51,186.64401,899.65,909.01843,1430.12,1455.3129,1675.76,1704.5464
2024-02-08,1325.3,1332.7922,184.13,186.46687,895.2,906.9642,1427.94,1452.2449,1673.59,1700.7104
2024-02-09,1325.3,1331.5283,184.13,186.26897,895.2,903.50543,1427.94,1448.1505,1673.59,1695.7157
2024-02-10,1325.3,1329.8652,184.13,186.05016,895.2,900.3332,1427.94,1444.1599,1673.59,1690.8773
2024-02-11,1325.3,1329.091,184.13,185.95744,895.2,899.9063,1427.94,1443.396,1673.59,1690.3766
2024-02-12,1325.3,1327.5487,184.13,185.7796,895.2,899.6673,1427.94,1442.2654,1673.59,1690.4825
2024-02-13,1327.2,1327.1198,184.2,185.75061,888.8,899.7762,1429.66,1441.9921,1675.92,1690.2671
2024-02-14,1328.4,1329.8801,183.93,185.93703,882.04,898.6239,1422.78,1441.7277,1672.72,1689.316
2024-02-15,1336.9,1330.2229,185.09,185.87755,888.48,896.6891,1434.49,1441.1604,1680.02,1690.1184
2024-02-16,1333.2,1330.7029,184.49,185.9636,889.48,895.41205,1436.59,1442.9188,1680.5,1692.5194
2024-02-17,1333.2,1331.4873,184.49,186.01749,889.48,893.6648,1436.59,1444.7023,1680.5,1694.0372
2024-02-18,1333.2,1332.3687,184.49,186.06851,889.48,892.34717,1436.59,1446.3462,1680.5,1695.4146
2024-02-19,1333.0,1333.1826,184.64,186.11334,888.05,892.0417,1436.71,1447.6168,1679.91,1696.2362
2024-02-20,1333.8,1333.8624,185.07,186.2259,888.37,892.7732,1437.57,1449.823,1679.59,1697.232
2024-02-21,1337.9,1333.6615,185.63,186.24895,892.2,894.0569,1446.0,1451.196,1688.7,1697.3461
2024-02-22,1335.0,1334.0704,185.65,186.4304,888.08,894.41205,1444.8,1452.9203,1687.31,1698.4178
2024-02-23,1331.0,1333.8595,184.99,186.61249,884.53,893.72314,1440.74,1454.0022,1685.31,1699.4329
2024-02-24,1331.0,1332.843,184.99,186.67027,884.53,893.0694,1440.74,1454.1107,1685.31,1700.0846
2024-02-25,1331.0,1332.1808,184.99,186.72067,884.53,892.1053,1440.74,1454.2596,1685.31,1700.6023
2024-02-26,1329.3,1331.5764,184.52,186.70113,883.11,891.1609,1438.57,1454.5107,1684.89,1701.4148
2024-02-27,1331.4,1330.1018,184.76,186.48952,883.57,889.2852,1444.7,1453.3883,1688.75,1700.9874
2024-02-28,1331.3,1329.1556,184.67,186.2877,884.73,887.4648,1443.73,1453.0154,1688.75,1701.0652
2024-02-29,1334.0,1329.297,184.86,186.2155,885.76,887.49615,1445.92,1453.1879,1688.98,1701.3507
2024-03-01,1334.0,1330.0345,184.86,186.18869,885.76,887.77637,1445.92,1453.6466,1688.98,1701.7323
2024-03-02,1334.0,1330.0156,184.86,186.13542,885.76,888.5608,1445.92,1455.115,1688.98,1703.1924
2024-03-03,1334.0,1330.6171,184.86,186.1918,885.76,889.23706,1445.92,1456.6918,1688.98,1704.0765
2024-03-04,1334.1,1331.27,185.12,186.23897,888.66,889.7767,1446.56,1457.3789,1688.84,1704.3142
2024-03-05,1330.1,1332.1682,184.55,186.35225,884.2,890.4703,1444.22,1458.3533,1688.3,1704.3319
2024-03-06,1333.2,1332.4319,185.08,186.37819,889.57,891.98285,1447.52,1458.7711,1694.03,1704.4666
2024-03-07,1335.7,1331.6829,185.32,186.40395,894.61,893.21716,1456.05,1459.9204,1700.88,1706.061
2024-03-08,1329.6,1330.3363,184.5,186.42906,898.89,894.8977,1455.71,1462.547,1703.22,1709.0922
2024-03-09,1329.6,1329.0885,184.5,186.3748,898.89,897.11426,1455.71,1464.5121,1703.22,1711.7522
2024-03-10,1329.6,1328.1534,184.5,186.2762,898.89,898.8776,1455.71,1466.0133,1703.22,1714.3088
2024-03-11,1323.1,1327.8881,183.86,186.25691,900.47,901.0822,1447.34,1467.7634,1700.18,1716.9197
2024-03-12,1314.4,1327.2279,182.69,186.08414,894.73,903.0809,1436.05,1467.6633,1684.08,1717.8652
2024-03-13,1311.1,1324.525,182.63,185.57883,888.55,902.18964,1432.9,1463.6794,1677.42,1714.7811
2024-03-14,1312.8,1321.41,182.53,185.14131,889.1,899.7459,1437.45,1459.3695,1680.52,1710.1276
2024-03-15,1316.9,1320.0693,183.04,184.80391,888.12,896.59924,1433.25,1454.7198,1678.78,1704.1769
2024-03-16,1316.9,1318.5221,183.04,184.50609,888.12,894.0011,1433.25,1450.2268,1678.78,1699.0358
2024-03-17,1316.9,1317.4893,183.04,184.32103,888.12,891.7177,1433.25,1447.3839,1678.78,1694.8938
2024-03-18,1328.4,1317.4857,184.32,184.35503,891.51,890.3943,1445.9,1446.7062,1691.32,1693.6892
2024-03-19,1333.0,1319.8616,185.03,184.68253,894.24,890.2288,1449.24,1448.7523,1696.38,1696.0334
2024-03-20,1338.5,1323.171,185.64,185.19771,886.81,891.31604,1454.15,1450.8954,1702.64,1699.4808
2024-03-21,1338.7,1325.6395,185.62,185.67424,887.17,891.9074,1463.4,1455.6055,1712.6,1705.4968
2024-03-22,1326.3,1330.2391,184.04,186.27254,874.49,892.0887,1440.49,1460.5847,1678.76,1711.6218
2024-03-23,1326.3,1333.8011,184.04,186.61314,874.49,891.03613,1440.49,1462.2572,1678.76,1712.3606
2024-03-24,1326.3,1334.9664,184.04,186.63268,874.49,888.58325,1440.49,1462.1583,1678.76,1710.744
2024-03-25,1336.1,1334.5951,184.49,186.4428,883.87,885.24365,1444.06,1461.0148,1683.15,1707.5692
2024-03-26,1340.7,1333.6907,184.88,186.15674,885.56,883.5392,1453.12,1459.723,1694.51,1704.0103
2024-03-27,1338.6,1333.2324,184.86,185.92932,883.24,882.99066,1450.04,1457.7429,1690.52,1700.1549
2024-03-28,1345.8,1333.856,185.57,185.96077,889.17,884.25476,1455.01,1458.4222,1697.79,1701.1654
2024-03-29,1346.8,1336.4277,185.75,186.22621,889.48,886.7045,1452.93,1460.3297,1700.34,1704.0032
2024-03-30,1346.8,1339.3379,185.75,186.5532,889.48,889.6716,1452.93,1462.632,1700.34,1708.2262
2024-03-31,1346.8,1341.4576,185.75,186.8356,889.48,891.5063,1452.93,1464.5767,1700.34,1712.1007
2024-04-01,1347.4,1342.9731,185.63,187.05144,890.11,892.60474,1453.44,1465.0933,1701.36,1714.0192
2024-04-02,1347.1,1346.1292,185.68,187.31442,888.32,892.658,1446.25,1465.3959,1689.73,1715.2875
2024-04-03,1353.0,1347.5648,186.13,187.41312,892.69,892.6462,1456.84,1465.0186,1701.19,1714.7867
2024-04-04,1349.1,1347.592,185.92,187.43216,889.88,893.00543,1462.02,1466.7128,1707.08,1716.0436
2024-04-05,1346.8,1348.0392,185.88,187.5147,890.53,894.48016,1459.8,1469.2411,1702.83,1717.4839
2024-04-06,1346.8,1348.3217,185.88,187.56947,890.53,893.9988,1459.8,1470.3336,1702.83,1717.4204
2024-04-07,1346.8,1348.2864,185.88,187.62021,890.53,893.7089,1459.8,1471.4382,1702.83,1717.547
2024-04-08,1351.8,1348.0997,186.6,187.65088,891.37,893.71814,1464.4,1473.5024,1706.85,1719.4713
2024-04-09,1353.6,1347.1284,186.63,187.66776,891.49,892.7141,1470.28,1474.8312,1713.32,1720.753
2024-04-10,1353.6,1346.9653,186.63,187.74838,891.49,893.0449,1470.28,1475.9705,1713.32,1721.923
2024-04-11,1354.4,1350.5175,187.01,188.02495,885.55,891.45953,1455.03,1475.9281,1698.01,1721.2468
2024-04-12,1363.7,1352.6321,188.03,188.23445,890.06,890.08734,1462.98,1475.0076,1712.19,1720.731
2024-04-13,1363.7,1358.1671,188.03,188.80101,890.06,891.5806,1462.98,1475.0007,1712.19,1721.4188
2024-04-14,1363.7,1361.6313,188.03,189.1586,890.06,892.52484,1462.98,1475.3011,1712.19,1723.0791
2024-04-15,1371.6,1364.0062,189.14,189.45316,894.8,893.05615,1460.14,1474.7404,1708.26,1723.8679
2024-04-16,1383.7,1367.963,190.58,189.97818,897.43,893.52747,1470.6,1473.8364,1722.5,1723.0245
2024-04-17,1395.3,1372.2451,191.99,190.61754,901.91,894.7638,1481.88,1476.2657,1734.08,1727.4271
2024-04-18,1386.3,1375.9282,190.83,191.29471,898.36,897.76263,1479.46,1480.3066,1726.84,1732.7487
2024-04-19,1375.9,1379.5457,189.71,191.85043,889.77,899.1507,1464.1,1483.3597,1710.73,1735.7784
2024-04-20,1375.9,1381.7959,189.71,192.2091,889.77,899.94775,1464.1,1484.347,1710.73,1736.1326
2024-04-21,1375.9,1382.5684,189.71,192.32799,889.77,899.4004,1464.1,1485.1562,1710.73,1736.4457
2024-04-22,1385.0,1381.4681,191.0,192.15865,895.89,898.00244,1476.48,1484.1404,1714.15,1734.2593
2024-04-23,1380.6,1378.7196,190.53,191.84561,891.89,895.7261,1470.96,1482.6262,1705.18,1730.6743
2024-04-24,1377.9,1375.2585,189.9,191.58046,890.26,893.3366,1474.84,1480.9965,1715.69,1726.93
2024-04-25,1370.0,1374.2228,188.67,191.52437,882.48,892.14374,1465.56,1481.8232,1706.88,1726.2584
2024-04-26,1376.6,1372.096,189.51,191.27415,884.79,889.95654,1477.09,1482.2782,1722.33,1725.738
2024-04-27,1376.6,1372.0061,189.51,191.236,884.79,888.7643,1477.09,1483.6619,1722.33,1727.1991
2024-04-28,1376.6,1371.1508,189.51,191.01353,884.79,887.1075,1477.09,1484.1,1722.33,1729.0413
2024-04-29,1375.9,1370.8092,189.54,190.8506,869.12,885.9096,1472.49,1485.3514,1720.08,1732.5022
2024-04-30,1378.7,1369.8147,190.05,190.74481,882.68,883.3017,1477.48,1485.8297,1731.85,1734.7334
2024-05-01,1378.7,1372.6354,190.05,191.09534,882.68,882.4634,1477.48,1487.0396,1731.85,1737.9874
2024-05-02,1378.0,1373.0087,189.92,191.22726,886.17,882.9781,1476.46,1488.265,1726.84,1741.2417
2024-05-03,1378.5,1372.3326,190.31,191.28983,899.92,883.79297,1479.06,1489.034,1728.71,1743.4109
2024-05-04,1378.5,1371.1514,190.31,191.38141,899.92,886.47876,1479.06,1489.3724,1728.71,1745.0741
2024-05-05,1378.5,1370.9791,190.31,191.53407,899.92,891.365,1479.06,1490.0924,1728.71,1746.065
2024-05-06,1378.5,1370.8944,190.31,191.61961,899.92,895.22345,1479.06,1490.2032,1728.71,1745.1517
2024-05-07,1365.2,1370.9934,189.55,191.69667,885.83,898.735,1469.84,1490.2373,1714.49,1743.9551
2024-05-08,1357.8,1370.1855,188.13,191.68105,877.44,899.59705,1459.7,1488.2506,1697.59,1740.5421
2024-05-09,1364.4,1368.0192,188.74,191.32797,877.12,896.2561,1466.53,1484.4489,1704.95,1734.2626
2024-05-10,1367.9,1365.1461,189.2,190.95538,880.53,892.02106,1475.21,1482.3827,1713.84,1729.9519
2024-05-11,1367.9,1363.1565,189.2,190.678,880.53,887.23083,1475.21,1481.3605,1713.84,1726.5101
2024-05-12,1367.9,1361.2786,189.2,190.4243,880.53,882.9082,1475.21,1480.7863,1713.84,1723.7814
2024-05-13,1367.9,1360.939,189.27,190.30676,878.01,880.73206,1473.78,1481.7102,1713.36,1723.5886
2024-05-14,1370.1,1362.1288,189.21,190.50189,876.95,880.89966,1478.27,1484.7648,1720.5,1726.7905
2024-05-15,1370.1,1362.6173,189.21,190.60107,876.95,881.6044,1478.27,1487.6776,1720.5,1730.7318
2024-05-16,1369.0,1361.3102,189.08,190.55275,885.37,882.1532,1490.7,1489.6814,1736.99,1734.3453
2024-05-17,1349.4,1361.1681,186.89,190.55138,868.37,882.75854,1466.46,1492.0974,1709.76,1738.4735
2024-05-18,1349.4,1358.7837,186.89,190.16788,868.37,880.652,1466.46,1490.6968,1709.76,1738.1522
2024-05-19,1349.4,1356.1155,186.89,189.71764,868.37,878.52814,1466.46,1488.9822,1709.76,1737.1829
2024-05-20,1355.2,1353.0441,187.54,189.25337,870.25,876.6838,1473.44,1486.4686,1721.51,1734.7797
2024-05-21,1356.2,1350.8556,187.49,188.90848,867.83,875.06335,1472.97,1484.8223,1723.8,1733.791
2024-05-22,1364.4,1348.831,188.36,188.58253,873.24,872.4979,1481.33,1481.2966,1734.43,1731.0205
2024-05-23,1363.1,1350.9064,188.01,188.8116,869.63,872.3775,1475.69,1482.624,1734.07,1733.8691
2024-05-24,1364.5,1353.8701,187.91,189.0786,869.14,872.54376,1475.43,1484.2119,1732.3,1737.9275
2024-05-25,1364.5,1355.7063,187.91,189.25305,869.14,872.6274,1475.43,1486.6405,1732.3,1743.4333
2024-05-26,1364.5,1357.388,187.91,189.35208,869.14,872.54474,1475.43,1487.5753,1732.3,1746.3097
2024-05-27,1370.0,1358.8938,188.82,189.43916,873.42,872.66284,1486.31,1488.239,1745.38,1748.2268
2024-05-28,1365.4,1360.1361,188.15,189.52844,870.1,872.76074,1482.76,1489.2361,1743.62,1750.3154
2024-05-29,1359.5,1361.1777,187.21,189.59435,864.71,872.4466,1475.81,1491.14,1734.59,1752.241
2024-05-30,1364.8,1362.5406,187.77,189.58319,865.63,871.75726,1474.05,1491.1869,1732.89,1751.7703
2024-05-31,1376.5,1362.3551,189.18,189.51643,877.84,871.99255,1491.09,1491.7754,1752.15,1752.5812
2024-06-01,1376.5,1362.7953,189.18,189.6286,877.84,873.0056,1491.09,1493.8274,1752.15,1756.0476
2024-06-02,1376.5,1363.2162,189.18,189.6604,877.84,873.82153,1491.09,1494.6364,1752.15,1757.5149
2024-06-03,1381.6,1364.3137,190.48,189.80702,878.41,875.0464,1499.17,1495.9319,1760.71,1759.1426
2024-06-04,1377.6,1365.738,189.58,190.28622,882.03,878.51935,1502.75,1500.5914,1764.71,1764.6298
2024-06-05,1373.1,1367.1754,189.16,190.65225,886.76,882.71515,1494.0,1505.6588,1753.79,1770.6143
2024-06-06,1373.1,1367.1733,189.16,190.7278,886.76,885.2561,1494.0,1506.2131,1753.79,1771.2988
2024-06-07,1371.5,1366.6135,188.96,190.73701,881.54,887.041,1493.91,1506.9434,1754.63,1771.912
2024-06-08,1371.5,1367.7491,188.96,190.77202,881.54,886.04535,1493.91,1505.9207,1754.63,1770.4567
2024-06-09,1371.5,1367.3682,188.96,190.52223,881.54,885.8908,1493.91,1505.0132,1754.63,1769.4355
2024-06-10,1366.9,1366.8788,188.51,190.36432,871.55,885.7308,1473.31,1503.6422,1739.59,1767.8132
2024-06-11,1377.9,1366.9088,189.53,190.26425,877.39,883.3793,1483.24,1500.0151,1753.93,1764.899
2024-06-12,1377.4,1367.5916,189.52,190.31613,876.4,882.2802,1479.4,1497.7535,1754.6,1764.7804
2024-06-13,1377.8,1366.7474,189.43,190.33278,878.56,881.80505,1489.75,1495.9739,1762.83,1766.2467
2024-06-14,1371.0,1367.963,189.12,190.47957,872.58,881.83923,1472.45,1494.1005,1749.33,1767.226
2024-06-15,1371.0,1369.2145,189.12,190.62177,872.58,881.43854,1472.45,1490.2,1749.33,1766.2433
2024-06-16,1371.0,1370.3981,189.12,190.78485,872.58,881.5856,1472.45,1489.8276,1749.33,1768.1173
2024-06-17,1377.7,1370.128,189.5,190.76547,874.56,881.13574,1474.76,1488.4437,1747.54,1767.9935
2024-06-18,1380.4,1369.9738,189.84,190.75648,875.22,879.9951,1482.0,1488.453,1754.07,1767.5011
2024-06-19,1380.5,1369.7955,189.88,190.81183,874.62,879.58124,1482.66,1487.6321,1754.55,1766.6422
2024-06-20,1380.8,1370.701,189.84,190.94908,874.01,879.7304,1483.88,1489.3978,1756.45,1767.4557
2024-06-21,1383.8,1373.1412,190.01,191.16982,870.89,880.07745,1481.15,1491.3484,1751.61,1768.0421
2024-06-22,1383.8,1375.9802,190.01,191.39162,870.89,880.1381,1481.15,1492.9312,1751.61,1768.2632
2024-06-23,1383.8,1377.8519,190.01,191.52669,870.89,879.7776,1481.15,1494.4458,1751.61,1769.1807
2024-06-24,1389.1,1378.9485,190.65,191.56813,869.63,879.1468,1485.64,1494.6558,1756.45,1769.0283
2024-06-25,1389.7,1379.6462,190.71,191.65733,870.38,878.3068,1491.43,1495.7123,1762.35,1769.9608
2024-06-26,1386.4,1380.7227,190.39,191.79108,868.26,877.4425,1484.97,1496.4982,1758.58,1770.8478
2024-06-27,1390.1,1382.1392,190.61,191.89674,865.0,875.5517,1484.35,1496.1582,1754.31,1771.1255
2024-06-28,1389.2,1382.913,190.43,191.98036,864.31,874.18616,1487.07,1496.5869,1755.95,1772.0928
2024-06-29,1389.2,1383.7522,190.43,192.04723,864.31,872.2695,1487.07,1497.61,1755.95,1772.8916
2024-06-30,1389.2,1383.9307,190.43,192.01288,864.31,870.977,1487.07,1497.9457,1755.95,1773.0491
2024-07-01,1382.4,1383.8939,189.35,191.95728,859.57,869.8945,1484.35,1497.4115,1748.6,1772.1763
2024-07-02,1380.8,1383.3842,189.16,191.76213,855.38,867.1129,1482.56,1497.1188,1746.09,1770.0905
2024-07-03,1387.4,1381.3922,190.09,191.44385,859.42,865.39667,1491.11,1496.9728,1760.54,1768.7782
2024-07-04,1389.4,1379.6315,190.13,191.29453,859.59,864.91943,1499.02,1497.9718,1770.72,1769.8485
2024-07-05,1381.9,1378.7898,189.26,191.21535,856.86,864.2624,1494.04,1499.9426,1762.96,1772.263
2024-07-06,1381.9,1376.4336,189.26,190.97736,856.86,864.17004,1494.04,1502.3263,1762.96,1774.776
2024-07-07,1381.9,1375.6182,189.26,190.94963,856.86,863.78375,1494.04,1504.1666,1762.96,1777.3314
2024-07-08,1379.0,1375.4668,189.18,190.98448,858.07,863.7188,1492.77,1506.1049,1766.15,1780.2599
2024-07-09,1379.4,1374.8333,189.13,190.88002,858.13,863.4005,1493.68,1506.2258,1767.15,1781.1582
2024-07-10,1383.4,1374.2103,189.89,190.74205,857.36,862.9024,1496.22,1505.1482,1769.16,1780.2971
2024-07-11,1385.6,1374.5889,190.07,190.85165,857.53,863.0527,1501.02,1505.3986,1780.7,1781.1774
2024-07-12,1380.1,1373.9009,189.22,190.95631,865.95,864.05347,1499.75,1507.463,1782.4,1785.2976
2024-07-13,1380.1,1372.4447,189.22,190.9264,865.95,865.5743,1499.75,1508.9879,1782.4,1789.4897
2024-07-14,1380.1,1372.0941,189.22,190.94159,865.95,866.97363,1499.75,1510.1124,1782.4,1792.5449
2024-07-15,1376.3,1372.1025,189.27,190.96858,869.34,868.30115,1498.31,1510.9944,1784.65,1795.2335
2024-07-16,1381.9,1372.0151,189.97,190.91281,874.09,869.9779,1505.86,1511.2958,1792.05,1797.5403
2024-07-17,1386.0,1372.0994,190.41,190.91019,875.47,873.3736,1510.95,1511.907,1798.2,1799.5642
2024-07-18,1381.5,1372.536,189.6,191.10745,886.17,876.50806,1511.5,1515.0187,1797.26,1803.2721
2024-07-19,1379.9,1374.3447,189.86,191.30815,877.44,880.5097,1504.09,1517.0847,1786.35,1805.1691
2024-07-20,1379.9,1375.9756,189.86,191.50711,877.44,883.3547,1504.09,1518.0532,1786.35,1805.4769
2024-07-21,1379.9,1377.3043,189.86,191.64539,877.44,885.2863,1504.09,1519.229,1786.35,1805.8961
2024-07-22,1386.6,1377.5646,190.48,191.63762,881.81,886.18207,1511.26,1519.1571,1793.5,1805.0978
2024-07-23,1388.6,1376.8591,190.5,191.55167,884.09,886.23315,1512.25,1518.8557,1795.81,1804.5574
2024-07-24,1385.1,1377.3002,189.86,191.61841,889.45,885.7736,1502.83,1518.4249,1787.19,1803.9038
2024-07-25,1385.1,1378.9364,190.06,191.68819,901.32,888.25354,1501.45,1519.1079,1786.99,1803.7924
2024-07-26,1385.4,1380.024,190.85,191.749,901.92,892.8048,1502.95,1519.0603,1780.79,1804.1719
2024-07-27,1385.4,1379.84,190.85,191.83844,901.92,897.5413,1502.95,1518.2704,1780.79,1803.7773
2024-07-28,1385.4,1379.3292,190.85,191.88258,901.92,901.66754,1502.95,1516.6293,1780.79,1801.6709
2024-07-29,1385.4,1378.5432,191.1,191.92818,899.11,905.2828,1503.78,1514.7853,1782.66,1798.9385
2024-07-30,1382.0,1378.6881,190.17,192.1586,898.45,908.0495,1495.39,1514.1847,1777.8,1797.3921
2024-07-31,1384.6,1378.6454,190.39,192.24265,905.44,909.2178,1497.51,1513.5103,1777.48,1795.7274
2024-08-01,1380.1,1376.9794,190.51,192.11176,918.66,909.78784,1493.75,1513.0405,1774.26,1796.19
2024-08-02,1365.9,1376.8604,188.51,192.12993,915.7,914.10376,1473.74,1511.5654,1739.27,1794.5935
2024-08-03,1365.9,1373.5063,188.51,191.78462,915.7,921.89703,1473.74,1510.3384,1739.27,1789.6304
2024-08-04,1365.9,1370.2385,188.51,191.34651,915.7,926.5157,1473.74,1505.4056,1739.27,1781.3109
2024-08-05,1372.8,1367.212,189.78,190.99763,938.67,929.698,1497.38,1500.6847,1756.29,1772.975
2024-08-06,1360.6,1369.536,190.72,191.28851,937.18,942.39685,1490.67,1504.7671,1739.73,1767.5281
2024-08-07,1372.2,1365.0922,192.03,191.16759,949.49,941.82336,1499.61,1501.3118,1741.6,1760.9277
2024-08-08,1376.4,1365.0907,191.57,191.71906,940.13,944.3108,1504.34,1503.5573,1746.31,1759.488
2024-08-09,1377.7,1364.4352,191.95,192.14333,934.32,944.7314,1504.24,1506.8208,1755.81,1760.7915
2024-08-10,1377.7,1363.7738,191.95,192.61873,934.32,945.2092,1504.24,1510.7341,1755.81,1764.6005
2024-08-11,1377.7,1363.9502,191.95,193.0184,934.32,944.1165,1504.24,1512.2959,1755.81,1765.5873
2024-08-12,1369.4,1366.1653,191.2,193.28934,931.09,943.38904,1494.63,1514.7672,1746.33,1768.7844
2024-08-13,1367.7,1366.8583,190.39,193.24126,929.08,941.2149,1495.24,1514.5333,1746.21,1770.2985
2024-08-14,1370.3,1364.166,190.8,192.8905,933.38,938.8543,1506.99,1513.3551,1763.1,1771.622
2024-08-15,1370.3,1361.9379,190.8,192.5417,933.38,937.535,1506.99,1512.7397,1763.1,1772.6495
2024-08-16,1361.4,1361.1208,190.32,192.27222,912.44,935.564,1493.8,1511.768,1750.08,1772.6288
2024-08-17,1361.4,1357.8499,190.32,191.86157,912.44,932.59064,1493.8,1510.6384,1750.08,1772.1975
2024-08-18,1361.4,1356.1901,190.32,191.65508,912.44,929.7031,1493.8,1510.2998,1750.08,1772.1885
2024-08-19,1360.1,1355.0944,189.42,191.63399,919.89,927.11646,1499.44,1509.996,1760.17,1772.2253
2024-08-20,1337.8,1352.5131,187.01,191.37093,911.84,925.57367,1483.02,1509.8517,1737.8,1772.3324
2024-08-21,1332.0,1347.5029,186.57,190.73993,917.07,923.73584,1482.25,1507.2129,1735.86,1768.3746
2024-08-22,1332.4,1341.923,186.91,190.01785,919.63,924.88324,1486.49,1505.6003,1744.64,1765.2999
2024-08-23,1335.9,1338.5858,187.6,189.47191,914.34,926.0919,1484.99,1503.5232,1749.29,1762.2834
2024-08-24,1335.9,1332.4989,187.6,188.83809,914.34,926.49023,1484.99,1502.475,1749.29,1763.0602
2024-08-25,1335.9,1327.7942,187.6,188.4546,914.34,925.717,1484.99,1499.7638,1749.29,1761.1038
2024-08-26,1340.1,1326.2015,187.6,188.52322,933.05,925.5521,1499.91,1499.2445,1770.34,1762.485
2024-08-27,1323.9,1327.4045,186.0,188.79744,917.75,927.3252,1478.27,1501.5765,1746.03,1768.2617
2024-08-28,1330.4,1326.2251,186.73,188.68925,925.21,926.95685,1487.85,1500.9042,1764.04,1770.053
2024-08-29,1334.7,1327.7421,187.39,188.6995,925.17,928.94666,1484.79,1500.8678,1760.74,1772.0282
2024-08-30,1335.3,1328.8821,187.56,188.69629,921.75,929.7721,1479.58,1500.0278,1757.99,1774.0239
2024-08-31,1335.3,1330.217,187.56,188.68933,921.75,930.2722,1479.58,1498.2485,1757.99,1775.0967
2024-09-01,1335.3,1330.4958,187.56,188.65742,921.75,928.8358,1479.58,1494.9095,1757.99,1773.4806
2024-09-02,1334.8,1331.372,188.35,188.88359,910.69,928.5713,1474.35,1494.2191,1752.79,1775.1752
2024-09-03,1338.8,1331.7767,188.54,189.13307,911.12,926.4959,1481.45,1491.8972,1759.18,1773.5404
2024-09-04,1341.0,1334.4495,188.31,189.54187,923.43,927.89514,1481.27,1492.5579,1758.12,1772.5348
2024-09-05,1342.0,1335.1101,188.78,189.74007,934.22,930.05084,1487.41,1494.2037,1764.19,1773.3174
2024-09-06,1335.8,1334.6488,188.05,189.89775,931.81,932.1759,1484.14,1495.7677,1760.38,1774.9402
2024-09-07,1335.8,1334.9113,188.05,190.03757,931.81,935.2484,1484.14,1497.109,1760.38,1775.0381
2024-09-08,1335.8,1334.6588,188.05,189.97932,931.81,938.72516,1484.14,1498.665,1760.38,1776.2314
2024-09-09,1330.4,1333.7631,187.74,189.84079,935.29,942.0538,1475.21,1498.972,1747.55,1776.4316
2024-09-10,1339.5,1331.5806,188.51,189.62111,935.83,942.68976,1478.47,1496.1903,1750.93,1774.3322
2024-09-11,1344.3,1330.3031,188.69,189.45177,943.87,943.0179,1481.49,1493.6404,1758.61,1771.7203
2024-09-12,1340.3,1330.3596,188.25,189.44629,940.59,943.5313,1476.01,1492.0135,1748.09,1771.1201
2024-09-13,1339.6,1329.7683,187.96,189.38705,945.74,943.8062,1483.54,1490.6863,1758.56,1769.6118
2024-09-14,1339.6,1329.1077,187.96,189.30167,945.74,945.6716,1483.54,1490.7285,1758.56,1769.8073
2024-09-15,1339.6,1329.9888,187.96,189.33487,945.74,947.5251,1483.54,1492.1282,1758.56,1771.7427
2024-09-16,1339.6,1330.4264,187.96,189.28194,945.74,949.3233,1483.54,1493.2344,1758.56,1773.3043
2024-09-17,1339.6,1329.994,187.96,189.1945,945.74,950.68115,1483.54,1494.8074,1758.56,1774.5046
2024-09-18,1339.6,1330.6505,187.96,189.221,945.74,951.66,1483.54,1496.3021,1758.56,1776.0883
2024-09-19,1331.0,1330.9213,187.16,189.26125,934.46,951.6766,1479.61,1497.3901,1758.32,1776.6498
2024-09-20,1331.8,1329.6573,188.1,189.12033,932.93,948.58484,1486.22,1496.4233,1768.3,1776.714
2024-09-21,1331.8,1328.7284,188.1,189.14561,932.93,945.6505,1486.22,1496.2522,1768.3,1777.9701
2024-09-22,1331.8,1327.7383,188.1,189.19193,932.93,942.9539,1486.22,1496.4679,1768.3,1779.6375
2024-09-23,1329.9,1326.7308,188.57,189.24324,923.93,940.5586,1484.23,1496.8989,1770.76,1781.5085
2024-09-24,1335.5,1325.7831,189.6,189.378,930.24,936.82996,1483.81,1496.6704,1782.43,1783.3854
2024-09-25,1334.3,1324.8875,189.32,189.74805,932.52,935.4253,1492.75,1498.1466,1790.96,1788.8064
2024-09-26,1328.4,1325.9521,189.48,190.06976,918.01,934.69806,1478.71,1498.4436,1769.36,1792.1829
2024-09-27,1329.7,1325.3358,189.42,190.32545,917.29,932.90356,1486.01,1497.9945,1783.46,1793.5486
2024-09-28,1329.7,1325.3978,189.42,190.63998,917.29,931.852,1486.01,1498.6205,1783.46,1796.4432
2024-09-29,1329.7,1325.463,189.42,190.84839,917.29,930.9443,1486.01,1498.934,1783.46,1798.661
2024-09-30,1319.6,1324.9141,188.74,190.85756,924.51,929.0098,1474.06,1499.2639,1765.56,1799.0026
2024-10-01,1319.6,1323.7823,188.74,190.7762,924.51,926.6314,1474.06,1495.6106,1765.56,1793.9115
2024-10-02,1306.9,1324.4238,186.86,190.76852,910.26,926.8508,1446.15,1492.9849,1735.37,1790.3202
2024-10-03,1306.9,1323.2079,186.86,190.35725,910.26,925.59357,1446.15,1485.4418,1735.37,1780.8748
2024-10-04,1320.1,1321.6438,188.16,189.9185,899.47,924.4594,1456.53,1478.1244,1732.96,1771.0839
2024-10-05,1320.1,1320.6587,188.16,189.59833,899.47,919.81177,1456.53,1471.3862,1732.96,1760.5477
2024-10-06,1320.1,1319.9242,188.16,189.3767,899.47,915.26636,1456.53,1467.9093,1732.96,1754.2537
2024-10-07,1333.3,1319.0376,188.93,189.19258,894.65,910.72375,1462.7,1465.1171,1749.36,1748.7529
2024-10-08,1346.5,1322.6359,190.05,189.60768,910.26,908.4328,1478.12,1468.9259,1762.23,1751.0348
2024-10-09,1346.5,1327.2898,190.05,190.17032,910.26,907.676,1478.12,1475.0186,1762.23,1756.9993
2024-10-10,1347.8,1332.156,190.91,190.62845,903.08,908.62305,1474.56,1479.3364,1760.83,1763.3904
2024-10-11,1349.4,1337.0176,190.78,191.20139,907.74,909.11584,1475.5,1483.3424,1762.18,1769.9933
2024-10-12,1349.4,1341.2662,190.78,191.70425,907.74,910.491,1475.5,1487.2778,1762.18,1776.7684
2024-10-13,1349.4,1344.1249,190.78,192.08623,907.74,912.74426,1475.5,1489.9236,1762.18,1780.2126
2024-10-14,1348.6,1345.0581,190.3,192.254,903.31,913.1115,1473.75,1489.8041,1760.4,1780.6421
2024-10-15,1354.9,1345.7893,191.51,192.29916,904.62,911.8542,1477.99,1487.8268,1770.04,1779.0758
2024-10-16,1360.4,1346.6923,191.34,192.37051,911.22,912.69507,1481.14,1487.861,1777.57,1779.5729
2024-10-17,1363.7,1348.2452,191.22,192.42969,911.29,912.8978,1480.64,1487.5183,1771.04,1781.1082
2024-10-18,1366.5,1350.4451,191.64,192.46599,909.64,912.26794,1479.71,1487.4708,1778.16,1781.7921
2024-10-19,1366.5,1351.6455,191.64,192.47914,909.64,911.9633,1479.71,1488.33,1778.16,1785.0405
2024-10-20,1366.5,1353.7114,191.64,192.64825,909.64,912.6191,1479.71,1489.3397,1778.16,1788.229
2024-10-21,1371.1,1355.447,192.32,192.67334,916.91,913.4072,1490.18,1489.8492,1789.9,1790.0134
2024-10-22,1370.4,1358.6482,192.51,192.91415,909.08,913.2512,1482.16,1490.7516,1778.98,1791.1935
2024-10-23,1380.1,1360.8495,193.46,193.2002,913.55,912.7292,1490.3,1491.4182,1791.85,1792.932
2024-10-24,1382.0,1364.6909,193.54,193.64854,904.86,913.4095,1490.0,1493.4679,1784.09,1795.0258
2024-10-25,1380.5,1367.099,193.66,194.0256,910.26,913.5763,1494.18,1496.5742,1790.78,1797.5471
2024-10-26,1380.5,1370.5183,193.66,194.51732,910.26,913.97107,1494.18,1499.872,1790.78,1799.9226
2024-10-27,1380.5,1372.6766,193.66,194.84604,910.26,913.35034,1494.18,1501.4884,1790.78,1800.8401
2024-10-28,1384.4,1374.4565,194.43,195.0997,905.75,913.4055,1494.94,1503.8798,1794.25,1803.0895
2024-10-29,1387.0,1375.1936,194.17,195.25278,904.67,911.9773,1499.76,1504.7275,1798.87,1803.5374
2024-10-30,1383.1,1375.6556,193.29,195.32668,902.6,911.20624,1496.58,1506.2316,1799.97,1806.182
2024-10-31,1383.3,1375.5261,193.56,195.23325,902.2,910.17773,1502.19,1507.4725,1792.76,1808.5359
2024-11-01,1379.3,1376.4729,193.44,195.26477,908.24,910.216,1501.44,1509.6647,1779.5,1809.0869
2024-11-02,1379.3,1377.3042,193.44,195.23361,908.24,906.7797,1501.44,1509.2992,1779.5,1805.4386
2024-11-03,1379.3,1377.2546,193.44,195.04065,908.24,906.2115,1501.44,1510.3269,1779.5,1802.6173
2024-11-04,1377.9,1376.3027,193.36,194.85281,904.19,906.6545,1498.95,1510.8254,1785.76,1798.9657
2024-11-05,1371.3,1374.2947,193.06,194.76088,901.31,907.7541,1491.77,1512.0209,1777.07,1796.9688
2024-11-06,1377.8,1369.9977,193.95,194.53015,907.76,907.82666,1505.11,1510.826,1795.41,1794.9355
2024-11-07,1391.5,1370.0654,194.35,194.5872,901.29,903.64667,1493.43,1506.8191,1792.18,1794.0653
2024-11-08,1399.1,1369.5924,194.32,194.6179,914.21,901.8715,1510.89,1505.3662,1816.59,1797.801
2024-11-09,1399.1,1372.5448,194.32,194.79893,914.21,902.30084,1510.89,1505.834,1816.59,1804.1417
2024-11-10,1399.1,1376.2135,194.32,195.01471,914.21,904.20355,1510.89,1508.3334,1816.59,1811.0642
2024-11-11,1385.4,1380.9991,193.45,195.29402,906.17,907.05286,1483.97,1512.4524,1789.17,1819.3556
2024-11-12,1395.3,1384.8396,193.98,195.34312,907.6,908.3252,1486.9,1509.6993,1795.33,1819.0741
2024-11-13,1401.1,1388.2656,193.37,195.35855,906.6,908.4233,1487.9,1508.0994,1785.42,1818.7001
2024-11-14,1407.3,1390.7576,194.42,195.22737,905.6,907.27374,1486.53,1503.7596,1788.47,1812.8315
2024-11-15,1406.4,1393.1832,193.91,195.23082,899.61,906.2347,1481.08,1499.4742,1781.21,1806.9878
2024-11-16,1406.4,1395.3613,193.91,195.18814,899.61,905.2346,1481.08,1495.0979,1781.21,1799.9579
2024-11-17,1406.4,1398.2385,193.91,195.24318,899.61,904.3615,1481.08,1494.3749,1781.21,1797.5549
2024-11-18,1402.8,1399.8032,193.47,195.20831,906.93,903.1627,1477.99,1493.6415,1770.26,1794.9209
2024-11-19,1392.6,1398.7809,192.35,195.13069,901.39,902.6344,1475.39,1492.7845,1764.91,1793.0992
2024-11-20,1392.0,1396.0555,192.41,194.75961,900.56,902.5047,1475.1,1491.3596,1765.4,1789.2007
2024-11-21,1391.6,1394.308,192.28,194.50963,895.87,902.72,1467.37,1489.6041,1760.51,1785.1776
2024-11-22,1398.1,1392.2772,192.85,194.21265,906.0,901.82465,1464.51,1486.5496,1759.86,1780.9518
2024-11-23,1398.1,1390.9155,192.85,193.98116,906.0,901.6851,1464.51,1481.9834,1759.86,1776.4595
2024-11-24,1398.1,1389.7341,192.85,193.81355,906.0,901.5116,1464.51,1479.0837,1759.86,1774.5674
2024-11-25,1400.5,1389.8887,192.98,193.85393,907.62,902.23444,1467.23,1477.0382,1762.6,1774.0228
2024-11-26,1398.2,1388.9415,192.77,193.85217,908.13,904.97766,1467.83,1476.6582,1757.61,1775.6067
2024-11-27,1401.2,1389.4885,193.16,193.93654,915.01,906.9136,1469.93,1476.1971,1761.66,1775.123
2024-11-28,1396.8,1387.8593,192.36,193.90457,925.31,909.33435,1476.21,1478.627,1771.28,1777.2094
2024-11-29,1394.7,1387.0028,192.42,193.82661,920.87,912.48663,1472.04,1480.6338,1769.6,1778.9115
2024-11-30,1394.7,1385.2332,192.42,193.69821,920.87,915.6992,1472.04,1482.18,1769.6,1780.9198
2024-12-01,1394.7,1384.0669,192.42,193.59245,920.87,918.0706,1472.04,1482.665,1769.6,1781.5475
2024-12-02,1395.1,1383.0325,192.81,193.53514,931.46,919.776,1471.9,1482.5923,1773.1,1782.842
2024-12-03,1402.0,1383.6896,192.84,193.53796,937.51,921.9713,1471.96,1481.0153,1774.16,1782.9618
2024-12-04,1403.4,1384.9421,192.17,193.63774,937.69,923.6136,1474.48,1479.9523,1777.9,1783.3564
2024-12-05,1413.0,1386.5757,193.82,193.62077,938.15,926.9933,1485.13,1480.1407,1794.79,1784.744
2024-12-06,1414.9,1388.2422,194.41,193.80252,942.48,930.7771,1497.6,1483.4182,1805.2,1790.2346
2024-12-07,1414.9,1391.3823,194.41,194.16843,942.48,934.6807,1497.6,1487.3274,1805.2,1796.4014
2024-12-08,1414.9,1394.8394,194.41,194.50917,942.48,937.1693,1497.6,1492.0875,1805.2,1802.605
2024-12-09,1419.4,1397.6833,195.28,194.84822,947.06,938.403,1499.95,1497.057,1809.45,1808.7108
2024-12-10,1433.2,1401.8691,196.88,195.51556,947.35,940.0022,1512.67,1502.1956,1827.04,1814.3854
2024-12-11,1428.1,1406.5149,196.8,196.19643,940.07,941.4186,1503.79,1507.2059,1824.25,1820.2147
2024-12-12,1431.4,1410.3268,197.43,196.75624,939.12,940.56104,1502.68,1508.5415,1825.04,1823.8342
2024-12-13,1431.5,1414.3842,197.17,197.38751,938.04,939.3819,1498.71,1509.4628,1814.43,1827.206
2024-12-14,1431.5,1417.833,197.17,197.93686,938.04,937.5653,1498.71,1509.8525,1814.43,1829.1903
2024-12-15,1431.5,1420.1614,197.17,198.31105,938.04,936.0317,1498.71,1509.8147,1814.43,1830.4752
2024-12-16,1432.7,1420.4203,196.79,198.38348,933.2,934.5938,1505.12,1507.6942,1808.57,1828.6824
2024-12-17,1434.9,1420.7872,197.18,198.35602,930.51,934.15765,1508.15,1508.1039,1819.96,1826.0554
2024-12-18,1436.6,1421.5344,196.98,198.30473,935.74,933.66595,1507.35,1509.2344,1826.06,1824.4885
2024-12-19,1436.8,1429.1318,197.18,198.74559,928.92,938.24634,1488.31,1512.7136,1806.99,1823.3988
2024-12-20,1449.7,1432.1818,198.2,198.8227,920.21,936.66113,1502.25,1510.9137,1811.84,1822.3153
2024-12-21,1449.7,1431.4664,198.2,198.69441,920.21,931.68164,1502.25,1511.1694,1811.84,1824.4763
2024-12-22,1449.7,1432.241,198.2,198.77408,920.21,927.98047,1502.25,1510.3829,1811.84,1825.7168
2024-12-23,1450.3,1433.2549,198.45,198.8679,926.86,925.0502,1514.19,1509.1522,1823.53,1825.0472
2024-12-24,1449.3,1434.9216,198.51,199.07368,922.45,921.1972,1508.07,1508.8041,1816.48,1824.1696
2024-12-25,1449.3,1436.0847,198.51,199.24927,922.45,917.8505,1508.07,1510.689,1816.48,1825.7494
2024-12-26,1453.6,1436.121,198.81,199.30713,924.56,917.32324,1511.53,1512.0631,1823.32,1827.0093
2024-12-27,1462.9,1436.4618,200.19,199.42221,927.0,918.56555,1524.85,1514.535,1832.21,1829.6543
2024-12-28,1462.9,1438.3882,200.19,199.82423,927.0,920.5507,1524.85,1519.5778,1832.21,1833.8209
2024-12-29,1462.9,1440.4385,200.19,200.22392,927.0,921.6794,1524.85,1522.5718,1832.21,1836.2133
2024-12-30,1474.1,1442.7524,202.38,200.61615,934.31,922.9011,1537.85,1526.0201,1855.38,1839.3075
2024-12-31,1470.0,1447.1877,201.27,201.42601,936.48,926.381,1528.73,1531.4606,1843.67,1845.9031
2025-01-01,1470.0,1451.3723,201.27,202.05075,936.48,928.58844,1528.73,1534.4653,1843.67,1849.4039
2025-01-02,1470.0,1453.2559,201.27,202.37212,934.67,930.0576,1521.96,1535.3195,1839.41,1851.7659
2025-01-03,1468.3,1456.9851,200.57,202.71797,932.19,931.547,1507.43,1533.5248,1817.76,1851.6707
2025-01-04,1468.3,1457.325,200.57,202.71686,932.19,931.30457,1507.43,1530.7639,1817.76,1850.1599
2025-01-05,1468.3,1456.6089,200.57,202.3665,932.19,930.67267,1507.43,1525.5032,1817.76,1843.6947
2025-01-06,1466.8,1455.9664,200.09,202.14255,931.6,929.70276,1511.39,1521.2211,1822.21,1838.3345
2025-01-07,1470.8,1453.5955,199.85,201.7754,932.48,928.4883,1527.79,1518.8853,1840.93,1834.8828
2025-01-08,1455.4,1453.9514,198.25,201.53456,920.0,927.96185,1505.1,1519.4482,1815.68,1833.7175
2025-01-09,1453.2,1453.4535,197.89,201.16692,917.51,926.0421,1499.41,1518.4324,1796.66,1832.391
2025-01-10,1458.2,1451.9094,198.33,200.68277,922.42,923.4328,1502.02,1517.2223,1794.75,1829.0059
2025-01-11,1458.2,1452.1848,198.33,200.35258,922.42,921.24774,1502.02,1516.3263,1794.75,1824.1702
2025-01-12,1458.2,1451.2982,198.33,200.0248,922.42,919.7298,1502.02,1515.2805,1794.75,1819.625
2025-01-13,1460.7,1449.5559,198.7,199.72858,925.69,918.2223,1495.83,1511.5265,1782.49,1811.8785
2025-01-14,1471.3,1450.081,200.01,199.79008,934.81,918.2672,1508.89,1509.0597,1797.86,1805.13
2025-01-15,1463.3,1450.3517,199.14,200.05843,926.43,920.9522,1508.08,1511.2958,1786.54,1805.8539
2025-01-16,1460.2,1449.0128,198.74,200.16125,933.69,922.2183,1502.84,1512.0459,1786.77,1805.6078
2025-01-17,1454.7,1448.0981,198.26,200.24432,937.25,924.8928,1498.7,1512.3975,1779.75,1804.5428
2025-01-18,1454.7,1447.7618,198.26,200.28322,937.25,927.29553,1498.7,1510.8774,1779.75,1801.1887
2025-01-19,1454.7,1447.0488,198.26,200.23009,937.25,929.47723,1498.7,1510.8955,1779.75,1800.1394
2025-01-20,1455.8,1444.97,198.29,199.92801,931.26,930.3391,1495.62,1509.1013,1771.71,1796.7189
2025-01-21,1453.0,1443.6016,198.01,199.72685,934.59,931.1065,1514.46,1506.7738,1792.13,1793.5527
2025-01-22,1437.9,1439.0784,197.56,199.36664,923.18,931.5515,1496.21,1510.0485,1773.79,1796.0663
2025-01-23,1434.3,1435.5378,197.14,199.15746,916.84,929.0321,1492.75,1509.5713,1765.7,1794.4941
2025-01-24,1437.1,1431.561,197.39,198.89717,921.01,924.6153,1496.74,1508.4843,1774.82,1791.5901
2025-01-25,1437.1,1426.8418,197.39,198.63635,921.01,921.0353,1496.74,1508.6014,1774.82,1790.9506
2025-01-26,1437.1,1423.024,197.39,198.44362,921.01,918.31274,1496.74,1508.2251,1774.82,1790.5675
2025-01-27,1437.1,1419.9928,197.39,198.32489,921.01,915.53784,1496.74,1504.8844,1774.82,1787.0001
2025-01-28,1437.1,1419.9192,197.39,198.39172,921.01,917.21106,1496.74,1504.9071,1774.82,1786.0496
2025-01-29,1437.1,1421.1772,197.39,198.5213,921.01,917.5555,1496.74,1503.8196,1774.82,1785.93
2025-01-30,1437.1,1422.3949,197.39,198.59206,921.01,918.0296,1496.74,1503.2924,1774.82,1785.5012
2025-01-31,1433.3,1422.5546,197.26,198.5806,927.88,918.3787,1488.84,1503.3359,1779.87,1786.0382
2025-02-01,1433.3,1423.9048,197.26,198.62907,927.88,919.1399,1488.84,1501.3373,1779.87,1785.8507
2025-02-02,1433.3,1425.4905,197.26,198.63095,927.88,919.29016,1488.84,1499.5522,1779.87,1785.9266
2025-02-03,1453.0,1426.0582,199.38,198.61327,935.91,920.60455,1491.5,1498.6417,1790.17,1787.4216
2025-02-04,1469.2,1430.1934,199.91,199.0477,947.96,924.59393,1520.25,1497.6398,1829.37,1789.379
2025-02-05,1460.8,1432.3405,199.73,199.35919,946.08,929.46246,1515.8,1503.133,1822.93,1801.2578
2025-02-06,1450.0,1434.0193,198.79,199.68025,950.48,933.68097,1508.0,1508.6627,1812.72,1811.3179
2025-02-07,1447.1,1435.8688,198.79,199.9344,956.48,937.2428,1502.81,1512.3347,1799.32,1818.1049
2025-02-08,1447.1,1438.7977,198.79,200.2676,956.48,941.7354,1502.81,1514.7793,1799.32,1821.3555
2025-02-09,1447.1,1438.8909,198.79,200.21715,956.48,945.46924,1502.81,1516.894,1799.32,1822.9976
2025-02-10,1447.4,1436.375,198.55,200.00954,954.4,947.3741,1491.55,1514.4463,1792.68,1817.8909
2025-02-11,1453.4,1434.2926,198.78,199.75856,956.47,947.97064,1497.73,1509.2043,1797.35,1810.9772
2025-02-12,1453.5,1433.1368,198.86,199.64168,952.8,948.40497,1506.26,1507.0532,1809.1,1807.3739
2025-02-13,1452.6,1433.0773,198.56,199.58116,941.44,946.99146,1508.74,1506.9462,1807.54,1807.8977
2025-02-14,1450.5,1431.6971,198.76,199.42879,948.47,945.1461,1517.8,1508.5245,1822.55,1810.8103
2025-02-15,1450.5,1429.557,198.76,199.29614,948.47,943.85754,1517.8,1512.1504,1822.55,1816.6434
2025-02-16,1450.5,1428.9468,198.76,199.31056,948.47,942.4176,1517.8,1516.5986,1822.55,1822.466
2025-02-17,1443.3,1428.416,198.15,199.33826,947.79,940.7661,1514.02,1520.2747,1816.54,1827.5834
2025-02-18,1441.1,1427.38,198.72,199.27144,950.97,939.6367,1510.63,1521.9637,1818.74,1829.6213
2025-02-19,1443.9,1427.5927,198.44,199.4104,949.68,940.08484,1508.3,1521.7898,1823.0,1830.6846
2025-02-20,1440.6,1427.7258,197.86,199.44562,952.12,940.84155,1501.61,1520.0016,1812.92,1830.8566
2025-02-21,1439.4,1425.4913,197.81,199.27141,962.91,942.6098,1511.95,1518.7284,1823.94,1830.8214
2025-02-22,1439.4,1425.1667,197.81,199.22124,962.91,947.7356,1511.95,1517.7849,1823.94,1830.3386
2025-02-23,1439.4,1424.9736,197.81,199.20073,962.91,951.5169,1511.95,1517.2731,1823.94,1831.3392
2025-02-24,1434.1,1424.7732,197.9,199.05461,961.26,954.2219,1502.79,1517.3226,1814.21,1832.2357
2025-02-25,1429.2,1423.6755,197.52,198.9613,953.59,956.895,1495.51,1516.4701,1803.72,1830.6998
2025-02-26,1430.7,1421.3761,197.21,198.86061,959.69,958.9146,1504.74,1515.8326,1812.77,1829.381
2025-02-27,1431.8,1419.6292,197.34,198.74028,961.49,958.8673,1501.74,1514.151,1815.38,1826.9799
2025-02-28,1439.6,1420.6827,197.58,198.79642,961.82,958.3748,1496.97,1511.3474,1814.4,1823.4865
2025-03-01,1439.6,1421.4084,197.58,198.77733,961.82,957.4254,1496.97,1507.6188,1814.4,1821.2919
2025-03-02,1439.6,1422.4856,197.58,198.71019,961.82,956.8711,1496.97,1506.308,1814.4,1821.4896
2025-03-03,1439.6,1424.0369,197.58,198.68864,961.82,957.6541,1496.97,1506.7324,1814.4,1824.0065
2025-03-04,1458.7,1424.682,199.72,198.73015,976.37,960.7702,1529.37,1508.5571,1852.69,1826.9316
2025-03-05,1459.6,1426.1011,200.34,199.04886,973.42,963.5967,1552.14,1515.7133,1867.56,1835.7019
2025-03-06,1456.0,1427.795,200.34,199.49509,978.26,964.3903,1571.24,1525.1105,1877.15,1845.8307
2025-03-07,1441.6,1427.5618,198.84,199.93834,974.28,968.0893,1555.92,1541.779,1857.72,1860.3606
2025-03-08,1441.6,1426.2897,198.84,200.17519,974.28,969.05444,1555.92,1553.1146,1857.72,1869.446
2025-03-09,1441.6,1425.8794,198.84,200.43153,974.28,970.2709,1555.92,1563.2117,1857.72,1876.8634
2025-03-10,1446.3,1423.8268,199.55,200.34087,980.54,969.56854,1569.52,1567.8527,1869.85,1877.5675
2025-03-11,1451.5,1423.8485,200.13,200.36388,988.29,973.45544,1573.57,1571.4061,1869.02,1876.5563
2025-03-12,1457.9,1422.64,201.01,200.28886,986.0,974.5774,1591.44,1571.9839,1887.76,1874.5557
2025-03-13,1452.0,1423.8278,200.72,200.56064,979.86,974.22864,1581.01,1575.3715,1882.52,1877.8954
2025-03-14,1451.9,1425.9014,200.34,200.91663,981.64,975.20337,1575.6,1578.3002,1880.43,1881.2362
2025-03-15,1451.9,1426.8236,200.34,201.12221,981.64,974.1727,1575.6,1580.499,1880.43,1885.529
2025-03-16,1451.9,1428.0249,200.34,201.27196,981.64,973.813,1575.6,1581.4125,1880.43,1887.9333
2025-03-17,1454.8,1428.8207,200.78,201.33417,979.33,972.7542,1583.26,1581.8965,1881.13,1890.4008
2025-03-18,1448.0,1427.9432,200.11,201.24031,969.37,971.1118,1581.14,1581.2451,1880.45,1890.7449
2025-03-19,1447.1,1427.562,199.98,201.14476,968.74,970.2343,1583.42,1581.9213,1881.3,1890.718
2025-03-20,1452.3,1426.7449,200.67,201.05199,976.7,967.821,1584.1,1582.6497,1888.79,1890.718
2025-03-21,1459.2,1427.5272,201.7,201.14478,981.14,966.5743,1584.33,1583.6715,1891.93,1891.4105
2025-03-22,1459.2,1429.196,201.7,201.4178,981.14,966.01013,1584.33,1585.262,1891.93,1893.3052
2025-03-23,1459.2,1430.5587,201.7,201.64981,981.14,966.51624,1584.33,1586.6128,1891.93,1895.992
2025-03-24,1466.9,1432.6033,202.41,201.99239,980.65,968.7583,1587.33,1588.3267,1894.21,1899.0231
2025-03-25,1466.9,1435.3777,202.04,202.42989,973.36,969.2749,1584.62,1589.1344,1895.31,1901.6715
2025-03-26,1469.6,1437.5217,202.24,202.71011,980.09,969.3501,1585.33,1589.8381,1901.88,1903.7219
2025-03-27,1465.3,1440.7463,201.49,202.93517,974.37,969.50226,1573.15,1590.1022,1886.21,1904.9866
2025-03-28,1466.8,1441.879,201.63,202.92049,971.26,968.76355,1583.78,1589.7972,1899.14,1905.2997
2025-03-29,1466.8,1444.1566,201.63,203.01157,971.26,970.1899,1583.78,1590.8752,1899.14,1906.7456
2025-03-30,1466.8,1444.8931,201.63,202.92224,971.26,969.31134,1583.78,1590.7219,1899.14,1907.7104
2025-03-31,1466.5,1445.088,201.68,202.8361,981.76,968.66187,1587.85,1590.5243,1897.36,1908.3502
2025-04-01,1470.6,1445.1427,202.68,202.7606,980.11,968.9859,1590.9,1590.5754,1900.02,1907.4548
2025-04-02,1471.7,1445.3038,202.08,202.91751,982.48,969.96545,1589.14,1592.7275,1902.1,1909.4121
2025-04-03,1467.8,1444.6272,201.43,202.93964,989.95,971.07544,1592.05,1594.4169,1911.74,1910.8021
2025-04-04,1467.0,1443.5406,200.7,202.97917,1006.0,980.3901,1620.89,1601.341,1920.67,1915.6685
2025-04-05,1467.0,1450.9872,200.7,203.50024,1006.0,996.222,1620.89,1610.9503,1920.67,1916.6487
2025-04-06,1467.0,1454.3739,200.7,203.62419,1006.0,1003.69904,1620.89,1617.8892,1920.67,1920.8007
2025-04-07,1439.3,1455.5042,198.42,203.36435,992.45,1008.29553,1582.15,1623.011,1855.04,1924.5524
2025-04-08,1465.9,1453.1594,200.0,202.72136,990.91,1008.3581,1600.1,1621.775,1866.68,1916.1671
2025-04-09,1470.2,1453.6329,200.18,202.4055,1008.61,1008.395,1613.1,1623.6536,1878.84,1907.2004
2025-04-10,1482.9,1446.3824,200.82,201.56252,1004.81,996.3855,1624.22,1616.4897,1900.71,1900.3202
2025-04-11,1458.5,1442.5177,198.19,201.11673,1012.07,994.7263,1635.56,1619.1151,1891.6,1897.661
2025-04-12,1458.5,1435.2427,198.19,200.27953,1012.07,991.5121,1635.56,1621.3162,1891.6,1893.9741
2025-04-13,1458.5,1434.088,198.19,200.01604,1012.07,992.8436,1635.56,1628.2107,1891.6,1898.4082
2025-04-14,1450.8,1432.2395,198.29,199.66197,1009.74,995.8938,1644.41,1633.5316,1897.43,1902.3716
2025-04-15,1427.4,1426.8746,195.44,199.11743,996.41,994.6549,1619.31,1636.8721,1880.67,1906.7954
2025-04-16,1423.3,1419.9738,194.4,198.1768,993.89,993.08044,1606.48,1634.8258,1882.67,1902.7896
2025-04-17,1427.4,1413.6935,194.77,197.43408,1006.42,992.54156,1626.88,1632.1238,1889.59,1901.9951
2025-04-18,1419.9,1407.5603,194.33,196.72296,997.26,989.96606,1614.78,1629.5094,1883.85,1901.1667
2025-04-19,1419.9,1401.5165,194.33,196.01503,997.26,987.6145,1614.78,1625.7478,1883.85,1899.2466
2025-04-20,1419.9,1396.7338,194.33,195.32199,997.26,985.74927,1614.78,1620.7982,1883.85,1896.4325
2025-04-21,1421.5,1395.0781,194.77,195.10439,1003.53,985.90594,1626.12,1619.4669,1891.23,1896.2623
2025-04-22,1418.9,1394.2793,194.46,195.20326,1007.99,989.4378,1634.43,1625.4357,1898.56,1898.7916
2025-04-23,1422.6,1393.851,194.92,195.25836,996.99,989.2971,1615.15,1626.1338,1888.22,1899.8451
2025-04-24,1426.6,1395.8572,195.64,195.45998,997.03,988.3975,1616.98,1624.515,1893.24,1898.9897
2025-04-25,1430.2,1396.0148,195.93,195.62962,1001.68,988.08374,1628.28,1625.0273,1907.17,1901.5753
2025-04-26,1430.2,1397.3113,195.93,195.89232,1001.68,988.0266,1628.28,1626.3578,1907.17,1905.315
2025-04-27,1430.2,1398.9086,195.93,196.11966,1001.68,987.7434,1628.28,1627.0348,1907.17,1908.2969
2025-04-28,1434.6,1401.209,196.76,196.41356,997.88,987.0504,1628.41,1626.8589,1907.87,1910.6069
2025-04-29,1439.3,1402.5884,197.4,196.72618,1011.85,988.336,1642.1,1630.093,1933.77,1915.2765
2025-04-30,1438.5,1404.6318,197.7,197.05585,1011.07,990.9308,1638.24,1633.9093,1928.6,1922.2334
2025-05-01,1438.5,1406.8317,197.7,197.41847,1011.07,993.56647,1638.24,1635.9255,1928.6,1926.115
2025-05-02,1426.9,1411.8021,196.6,197.87242,980.89,993.25635,1611.54,1636.275,1895.14,1927.741
2025-05-03,1426.9,1412.4136,196.6,197.96066,980.89,988.73096,1611.54,1634.2211,1895.14,1926.6682
2025-05-04,1426.9,1411.7638,196.6,197.8816,980.89,985.3692,1611.54,1631.5569,1895.14,1924.3978
2025-05-05,1426.9,1409.7322,196.6,197.65404,980.89,980.18787,1611.54,1626.5234,1895.14,1917.5825
2025-05-06,1426.9,1407.3652,196.6,197.37073,980.89,975.2341,1611.54,1622.3062,1895.14,1911.0876
2025-05-07,1426.6,1403.848,196.92,197.07574,995.92,971.33453,1617.27,1618.9149,1903.73,1905.618
2025-05-08,1394.1,1402.1775,193.23,197.04343,969.17,972.6461,1575.82,1617.9545,1852.69,1905.2905
2025-05-09,1396.0,1399.0692,192.84,196.53046,956.69,969.2392,1567.22,1610.0826,1848.86,1896.2069
2025-05-10,1396.0,1393.6455,192.84,195.76025,956.69,965.1274,1567.22,1602.5304,1848.86,1888.459
2025-05-11,1396.0,1388.1333,192.84,194.97723,956.69,961.2197,1567.22,1594.6469,1848.86,1880.0902
2025-05-12,1405.6,1382.5249,193.81,194.19902,964.23,957.2984,1578.35,1586.6876,1868.04,1871.651
2025-05-13,1400.4,1380.0366,193.99,193.60005,943.38,949.2931,1553.25,1576.0663,1844.82,1862.5859
2025-05-14,1413.7,1378.2914,196.71,193.52048,958.67,943.6331,1581.72,1572.3809,1880.72,1862.071
2025-05-15,1415.8,1379.8585,196.32,194.17677,966.12,942.96094,1583.64,1574.529,1878.27,1867.9679
2025-05-16,1399.6,1381.8914,194.03,194.89064,961.96,945.5326,1566.43,1578.1024,1862.66,1875.2704
2025-05-17,1399.6,1383.2742,194.03,195.31631,961.96,947.5866,1566.43,1578.7074,1862.66,1879.2593
2025-05-18,1399.6,1383.3481,194.03,195.51099,961.96,948.58997,1566.43,1577.5515,1862.66,1879.5723
2025-05-19,1394.3,1383.5879,193.86,195.59515,960.43,952.07135,1560.36,1579.5566,1854.42,1882.5281
2025-05-20,1398.0,1380.4171,193.86,195.10149,964.5,953.7199,1570.51,1577.8992,1867.24,1879.1649
2025-05-21,1392.6,1376.6647,193.13,194.5589,964.5,953.88245,1571.2,1575.9276,1865.04,1876.6395
2025-05-22,1387.1,1374.3307,192.4,194.28583,962.96,954.5936,1569.85,1577.4241,1859.96,1875.9819
2025-05-23,1378.4,1372.4194,191.6,193.97571,958.59,954.88055,1555.94,1576.698,1850.36,1874.0222
2025-05-24,1378.4,1368.152,191.6,193.48195,958.59,955.5914,1555.94,1576.2344,1850.36,1872.3599
2025-05-25,1378.4,1364.8031,191.6,193.02493,958.59,955.1387,1555.94,1574.6256,1850.36,1870.5956
2025-05-26,1376.9,1361.2583,191.05,192.56604,964.05,953.6717,1566.36,1571.1532,1864.25,1866.8276
2025-05-27,1365.0,1357.8596,190.19,192.11485,956.62,952.755,1554.74,1569.187,1851.83,1865.8717
2025-05-28,1368.3,1353.9287,190.43,191.61748,948.79,950.15564,1551.04,1563.5603,1848.98,1863.1195
2025-05-29,1374.6,1352.758,191.27,191.38438,946.56,947.29205,1551.17,1560.753,1850.21,1861.6935
2025-05-30,1381.4,1350.8945,191.88,191.23346,959.27,945.45526,1571.14,1560.4183,1864.48,1862.9448
2025-05-31,1381.4,1350.8115,191.88,191.27695,959.27,945.23773,1571.14,1562.6183,1864.48,1865.8455
2025-06-01,1381.4,1351.6013,191.88,191.47137,959.27,944.83093,1571.14,1564.0497,1864.48,1866.7996
2025-06-02,1375.7,1354.1096,191.17,191.83958,956.78,945.5106,1562.73,1567.161,1852.79,1869.312
2025-06-03,1375.7,1354.7649,191.17,192.00497,956.78,946.6496,1562.73,1570.8989,1852.79,1871.6376
2025-06-04,1376.9,1356.1663,190.9,192.08722,956.75,948.2483,1566.29,1572.2609,1861.98,1871.3431
2025-06-05,1373.8,1355.2319,190.98,191.89964,962.18,949.6988,1569.09,1572.5365,1861.77,1871.7429
2025-06-06,1373.8,1354.5942,190.98,191.75099,962.18,950.9121,1569.09,1572.6147,1861.77,1871.0211
2025-06-07,1373.8,1354.0826,190.98,191.56555,962.18,949.6499,1569.09,1570.9207,1861.77,1869.3076
2025-06-08,1373.8,1353.8162,190.98,191.47675,962.18,950.2242,1569.09,1571.4441,1861.77,1870.3982
2025-06-09,1359.0,1353.5952,189.25,191.41376,939.48,951.3596,1550.21,1572.4954,1839.41,1872.0681
2025-06-10,1358.9,1350.9766,188.84,191.10811,939.47,949.8679,1552.07,1570.7928,1841.51,1869.1559
2025-06-11,1359.9,1348.5007,189.18,190.70227,938.35,946.6662,1554.64,1567.7207,1836.2,1865.2145
2025-06-12,1368.8,1345.1589,190.62,190.31007,948.94,943.24133,1575.08,1565.6804,1856.85,1861.1412
2025-06-13,1362.9,1342.0055,189.39,190.13358,950.22,941.5913,1579.81,1567.6259,1855.79,1860.7509
2025-06-14,1362.9,1341.2141,189.39,190.01158,950.22,939.96344,1579.81,1569.9316,1855.79,1858.837
2025-06-15,1362.9,1341.5083,189.39,190.08243,950.22,941.1996,1579.81,1575.0038,1855.79,1861.2998
2025-06-16,1366.8,1342.3927,190.88,190.24222,945.59,943.1132,1576.81,1580.1445,1852.56,1864.058
2025-06-17,1363.6,1343.0245,189.93,190.51825,942.66,943.4789,1576.25,1584.3754,1851.56,1867.7018
2025-06-18,1361.7,1345.6206,189.65,190.67198,936.87,944.43445,1563.03,1584.6764,1828.35,1866.3516
2025-06-19,1373.2,1346.4952,190.85,190.75656,946.87,942.4298,1576.3,1581.8022,1842.7,1861.917
2025-06-20,1379.6,1348.382,191.86,191.00923,948.6,941.4915,1586.75,1580.7097,1858.46,1859.0835
2025-06-21,1379.6,1350.7728,191.86,191.43831,948.6,941.3098,1586.75,1581.9535,1858.46,1859.3486
2025-06-22,1379.6,1352.9634,191.86,191.66505,948.6,941.71967,1586.75,1583.6809,1858.46,1860.3997
2025-06-23,1369.4,1355.5159,190.76,192.02003,935.54,942.68414,1573.17,1585.7058,1838.35,1861.9626
2025-06-24,1381.9,1356.0646,192.32,192.15163,947.16,943.2854,1602.66,1587.9834,1871.02,1864.4075
2025-06-25,1365.0,1355.1313,190.31,192.22478,941.9,943.04663,1584.77,1592.7059,1858.38,1870.5352
2025-06-26,1360.9,1352.0143,190.07,191.8667,938.2,941.3897,1588.17,1593.0226,1861.1,1871.5424
2025-06-27,1357.6,1347.1986,189.56,191.38785,939.26,939.4079,1587.1,1593.8895,1863.17,1872.7738
2025-06-28,1357.6,1343.1721,189.56,190.89676,939.26,936.7432,1587.1,1593.1843,1863.17,1872.5321
2025-06-29,1357.6,1340.4021,189.56,190.59143,939.26,936.3667,1587.1,1594.836,1863.17,1875.9017
2025-06-30,1356.4,1336.8802,189.16,190.09758,938.98,935.3592,1591.8,1592.7651,1861.86,1874.8785
2025-07-01,1353.6,1334.1893,189.23,189.81749,940.65,935.90314,1595.42,1594.6465,1858.9,1876.1935
2025-07-02,1352.6,1332.6603,189.02,189.6733,943.01,936.58264,1596.34,1596.2139,1858.88,1875.7974
2025-07-03,1359.4,1331.8262,189.68,189.61212,946.82,936.8973,1604.02,1597.8868,1855.72,1874.765
2025-07-04,1358.1,1333.1066,189.69,189.72627,937.43,937.5553,1597.06,1600.0195,1854.55,1872.3007
2025-07-05,1358.1,1334.306,189.69,189.83965,937.43,937.7548,1597.06,1602.0182,1854.55,1870.4332
2025-07-06,1358.1,1335.6334,189.69,190.01454,937.43,937.864,1597.06,1603.3574,1854.55,1868.9408
2025-07-07,1364.2,1337.1173,190.55,190.1646,943.95,937.69354,1607.1,1604.0421,1862.34,1868.1097
2025-07-08,1366.6,1340.5992,190.67,190.56532,936.77,938.02423,1603.91,1605.8289,1861.04,1868.071
2025-07-09,1368.0,1342.6255,190.61,190.80615,932.77,936.28723,1604.19,1606.0852,1859.45,1869.513
2025-07-10,1373.8,1344.0453,191.21,190.97498,939.25,935.6709,1610.64,1607.1616,1866.86,1871.313
2025-07-11,1373.0,1346.4954,191.27,191.23822,939.32,935.65576,1607.1,1609.0411,1865.15,1873.4454
2025-07-12,1373.0,1349.6509,191.27,191.56549,939.32,935.2748,1607.1,1610.8152,1865.15,1875.2838
2025-07-13,1373.0,1351.4988,191.27,191.71762,939.32,934.73944,1607.1,1611.3591,1865.15,1876.3964
2025-07-14,1374.7,1352.7714,191.92,191.8275,932.16,935.2108,1604.07,1612.2739,1853.78,1877.639
2025-07-15,1378.5,1354.4446,192.2,192.07379,932.52,935.8745,1608.02,1612.3075,1850.71,1876.3469
2025-07-16,1382.7,1356.7498,192.68,192.32187,928.77,934.65466,1604.49,1611.2946,1850.88,1872.4266
2025-07-17,1387.1,1357.9547,193.15,192.54623,937.9,933.4226,1614.17,1611.2543,1860.66,1870.0835
2025-07-18,1390.8,1360.2009,193.66,192.89177,937.73,932.40027,1615.76,1611.6903,1868.19,1868.3619
2025-07-19,1390.8,1361.9822,193.66,193.28615,937.73,932.221,1615.76,1613.6117,1868.19,1869.2053
2025-07-20,1390.8,1364.0427,193.66,193.62372,937.73,932.9691,1615.76,1615.9097,1868.19,1871.822
2025-07-21,1391.9,1365.8463,193.63,193.91711,936.64,933.95074,1618.29,1617.6825,1866.82,1875.3242
2025-07-22,1391.1,1366.0095,193.81,194.05798,943.66,936.21216,1626.82,1621.3209,1876.45,1879.951
2025-07-23,1386.3,1365.208,193.11,194.1259,945.02,937.9765,1628.63,1624.5289,1875.11,1884.0922
2025-07-24,1379.1,1363.4003,192.37,193.96716,941.94,938.2066,1623.89,1626.7355,1873.37,1885.8439
2025-07-25,1368.7,1361.7626,191.35,193.72978,930.96,938.06995,1608.91,1627.6798,1848.91,1886.1958
2025-07-26,1368.7,1359.0618,191.35,193.30801,930.96,936.87396,1608.91,1625.8773,1848.91,1882.146
2025-07-27,1368.7,1355.8295,191.35,192.85326,930.96,935.5422,1608.91,1623.8828,1848.91,1878.0576
2025-07-28,1376.0,1352.417,192.26,192.36096,931.21,933.2959,1617.69,1620.5758,1848.66,1872.3674
2025-07-29,1379.6,1352.6006,192.64,192.27036,928.96,930.3529,1599.58,1616.591,1843.28,1865.059
2025-07-30,1391.4,1353.8923,193.74,192.40886,936.88,929.0689,1607.07,1612.2091,1857.73,1858.9053
2025-07-31,1382.9,1359.4266,192.68,192.99042,926.1,929.0273,1579.62,1609.6616,1832.69,1857.8959
2025-08-01,1390.4,1363.9375,193.18,193.41585,922.78,929.5873,1588.18,1605.6226,1836.72,1855.699
2025-08-02,1390.4,1366.8239,193.18,193.82625,922.78,932.87726,1588.18,1606.028,1836.72,1856.9398
2025-08-03,1390.4,1369.4171,193.18,194.10631,922.78,933.101,1588.18,1602.2594,1836.72,1855.7852
2025-08-04,1399.3,1371.2734,193.95,194.25575,950.1,932.13086,1620.6,1600.103,1857.99,1854.902
2025-08-05,1384.9,1371.6141,192.7,194.2064,943.42,931.93964,1604.13,1600.7091,1841.29,1855.0504
2025-08-06,1386.7,1371.6058,193.2,194.133,939.66,933.76794,1605.31,1604.3099,1844.17,1856.3417
2025-08-07,1389.5,1369.0917,193.15,193.94954,943.89,935.7294,1620.43,1608.1459,1856.23,1858.8157
2025-08-08,1384.2,1368.1049,192.97,193.85724,942.5,938.5863,1615.71,1613.2039,1861.47,1861.7646
2025-08-09,1384.2,1365.6783,192.97,193.68175,942.5,940.71655,1615.71,1618.0438,1861.47,1866.4576
2025-08-10,1384.2,1362.8737,192.97,193.4475,942.5,940.0166,1615.71,1618.0602,1861.47,1867.5421
2025-08-11,1386.0,1361.8077,193.0,193.4366,938.07,939.5561,1614.2,1619.6212,1863.2,1870.728
2025-08-12,1388.3,1362.4878,193.05,193.48114,936.74,939.5165,1612.44,1620.5316,1864.97,1873.1637
2025-08-13,1390.2,1361.4084,193.24,193.40259,940.72,937.61426,1623.41,1619.4763,1876.91,1875.4283
2025-08-14,1383.8,1361.3074,192.66,193.4094,940.05,937.19336,1620.29,1620.4333,1879.34,1878.4647
2025-08-15,1383.8,1362.4714,192.66,193.44272,940.05,936.1374,1620.29,1620.2831,1879.34,1880.6749
2025-08-16,1383.8,1362.5228,192.66,193.38908,940.05,935.44824,1620.29,1621.5349,1879.34,1884.3391
2025-08-17,1383.8,1362.7413,192.66,193.35425,940.05,935.6992,1620.29,1622.5382,1879.34,1887.3789
2025-08-18,1382.2,1362.5632,192.94,193.30185,938.52,936.39185,1618.56,1623.6748,1874.06,1889.9915
2025-08-19,1385.3,1362.4753,192.78,193.29445,936.39,936.2331,1616.16,1622.5443,1871.12,1889.2109
2025-08-20,1389.4,1363.169,193.29,193.34723,940.95,936.6443,1618.1,1621.7529,1874.23,1887.4003
2025-08-21,1397.5,1364.1693,194.56,193.48094,948.13,937.2755,1628.16,1621.6287,1879.92,1886.3741
2025-08-22,1398.1,1367.3644,194.8,193.90517,942.15,938.74274,1623.4,1622.601,1875.69,1885.462
2025-08-23,1398.1,1367.1598,194.8,194.16965,942.15,939.34045,1623.4,1624.3467,1875.69,1886.8861
2025-08-24,1398.1,1368.6573,194.8,194.51085,942.15,939.90906,1623.4,1625.5002,1875.69,1887.3613
2025-08-25,1395.6,1370.2747,194.46,194.89662,948.65,940.6018,1634.6,1626.6595,1886.01,1888.1198
2025-08-26,1386.3,1373.3267,193.71,195.26964,937.92,941.5944,1610.67,1628.333,1865.27,1889.041
2025-08-27,1391.2,1372.7328,194.35,195.1709,943.51,940.7357,1619.57,1626.4775,1875.13,1887.5143
2025-08-28,1395.7,1372.1655,195.11,195.08633,947.52,940.9941,1625.08,1625.8035,1884.2,1887.5325
2025-08-29,1388.6,1370.5796,194.14,195.03381,944.79,941.8174,1621.61,1626.4889,1875.86,1889.8568
2025-08-30,1388.6,1368.9341,194.14,194.8989,944.79,942.70874,1621.61,1626.5897,1875.86,1890.212
2025-08-31,1388.6,1367.4556,194.14,194.80844,944.79,942.3468,1621.61,1624.6774,1875.86,1888.7374
2025-09-01,1387.7,1367.1166,194.72,194.85019,943.05,943.0802,1621.87,1625.8857,1873.88,1890.1578
2025-09-02,1392.4,1366.4664,195.35,194.91524,946.25,943.0654,1630.78,1626.2999,1886.08,1890.0405
2025-09-03,1392.2,1368.0947,194.95,195.11644,937.41,942.9441,1619.76,1626.6881,1863.67,1889.0609
2025-09-04,1393.8,1368.4034,195.18,195.25848,941.72,942.3156,1625.17,1626.8579,1873.48,1887.6373
2025-09-05,1392.7,1369.2821,194.99,195.45477,937.88,941.6662,1622.43,1626.8497,1871.02,1886.789
2025-09-06,1392.7,1368.0526,194.99,195.51515,937.88,941.29,1622.43,1628.326,1871.02,1887.3335
2025-09-07,1392.7,1368.096,194.99,195.56155,937.88,940.223,1622.43,1628.5142,1871.02,1886.6383
2025-09-08,1391.8,1368.0188,195.18,195.50694,938.28,938.5085,1629.45,1627.1554,1877.12,1883.8884
2025-09-09,1390.4,1368.6426,194.89,195.58525,943.25,938.32336,1635.74,1627.6454,1884.06,1885.0642
2025-09-10,1386.6,1368.736,194.71,195.56,940.93,938.0087,1623.85,1629.1022,1875.86,1886.7424
2025-09-11,1387.6,1368.2341,194.78,195.52432,941.7,938.893,1624.05,1629.705,1878.39,1888.106
2025-09-12,1389.4,1366.7549,195.15,195.42953,943.79,939.933,1630.88,1630.4305,1886.53,1890.2201
2025-09-13,1389.4,1365.9626,195.15,195.43295,943.79,940.5462,1630.88,1631.896,1886.53,1893.0741
2025-09-14,1389.4,1365.364,195.15,195.42593,943.79,941.50586,1630.88,1632.3636,1886.53,1895.1082
2025-09-15,1388.7,1365.3395,195.17,195.49127,940.15,941.80194,1628.67,1631.4956,1882.52,1895.5839
2025-09-16,1389.5,1365.3351,194.99,195.59161,942.7,942.39514,1634.54,1632.9905,1890.21,1897.3455
2025-09-17,1382.3,1364.6985,194.32,195.63466,943.77,943.1249,1640.58,1635.839,1886.98,1900.3118
2025-09-18,1380.0,1364.072,194.34,195.53331,939.83,942.64764,1631.44,1636.9105,1880.94,1899.8163
2025-09-19,1384.6,1363.6517,194.71,195.42282,935.76,941.128,1632.1,1636.6216,1876.41,1897.9955
2025-09-20,1384.6,1363.8674,194.71,195.35489,935.76,938.96265,1632.1,1636.1338,1876.41,1895.2576
2025-09-21,1384.6,1363.7236,194.71,195.2618,935.76,937.69226,1632.1,1636.5398,1876.41,1893.7386
2025-09-22,1393.6,1363.4712,195.98,195.19965,941.53,936.43,1635.95,1636.121,1877.11,1891.0763
2025-09-23,1393.6,1364.1001,195.98,195.42412,941.53,936.3306,1635.95,1636.3353,1877.11,1889.7985
