날짜,JPY_KRW_환율
2015-09-07,10.071000099182129
2015-09-08,10.065999984741211
2015-09-09,9.94320011138916
2015-09-10,9.902299880981445
2015-09-11,9.791999816894531
2015-09-14,9.777299880981445
2015-09-15,9.814599990844727
2015-09-16,9.777299880981445
2015-09-17,9.70199966430664
2015-09-18,9.704899787902832
2015-09-21,9.773200035095215
2015-09-22,9.767999649047852
2015-09-23,9.85890007019043
2015-09-24,9.925999641418457
2015-09-25,9.89330005645752
2015-09-28,9.897600173950195
2015-09-29,9.965100288391113
2015-09-30,9.966899871826172
2015-10-01,9.882100105285645
2015-10-02,9.826800346374512
2015-10-05,9.751099586486816
2015-10-06,9.628399848937988
2015-10-07,9.646200180053711
2015-10-08,9.650899887084961
2015-10-09,9.603300094604492
2015-10-12,9.531800270080566
2015-10-13,9.521599769592285
2015-10-14,9.593700408935547
2015-10-15,9.56089973449707
2015-10-16,9.423999786376953
2015-10-19,9.46780014038086
2015-10-20,9.464699745178223
2015-10-21,9.433199882507324
2015-10-22,9.50160026550293
2015-10-23,9.34589958190918
2015-10-26,9.352700233459473
2015-10-27,9.337900161743164
2015-10-28,9.418100357055664
2015-10-29,9.465200424194336
2015-10-30,9.4266996383667
2015-11-02,9.445199966430664
2015-11-03,9.416899681091309
2015-11-04,9.315999984741211
2015-11-05,9.329400062561035
2015-11-06,9.341300010681152
2015-11-09,9.351300239562988
2015-11-10,9.40839958190918
2015-11-11,9.403200149536133
2015-11-12,9.405900001525879
2015-11-13,9.446900367736816
2015-11-16,9.626500129699707
2015-11-17,9.472100257873535
2015-11-18,9.469200134277344
2015-11-19,9.431900024414062
2015-11-20,9.390000343322754
2015-11-23,9.20259952545166
2015-11-24,9.413599967956543
2015-11-25,9.349900245666504
2015-11-26,9.321100234985352
2015-11-27,9.356100082397461
2015-11-30,9.41450023651123
2015-12-01,9.406200408935547
2015-12-02,9.394200325012207
2015-12-03,9.423500061035156
2015-12-04,9.400899887084961
2015-12-07,9.438400268554688
2015-12-08,9.527000427246094
2015-12-09,9.592499732971191
2015-12-10,9.6983003616333
2015-12-11,9.674799919128418
2015-12-14,9.549099922180176
2015-12-15,9.781299591064453
2015-12-16,9.642499923706055
2015-12-17,9.559000015258789
2015-12-18,9.664799690246582
2015-12-21,9.733400344848633
2015-12-22,9.687899589538574
2015-12-23,9.664199829101562
2015-12-24,9.695199966430664
2015-12-25,9.476699829101562
2015-12-28,9.472200393676758
2015-12-29,9.695599555969238
2015-12-30,9.706199645996094
2015-12-31,9.76099967956543
2016-01-01,9.580900192260742
2016-01-04,9.585800170898438
2016-01-05,9.946800231933594
2016-01-06,9.98799991607666
2016-01-07,10.111000061035156
2016-01-08,10.173999786376953
2016-01-11,9.957099914550781
2016-01-12,10.229999542236328
2016-01-13,10.258999824523926
2016-01-14,10.312000274658203
2016-01-15,10.213000297546387
2016-01-18,10.131999969482422
2016-01-19,10.303999900817871
2016-01-20,10.258000373840332
2016-01-21,10.314000129699707
2016-01-22,10.20300006866455
2016-01-25,10.09000015258789
2016-01-26,10.12600040435791
2016-01-27,10.114999771118164
2016-01-28,10.187000274658203
2016-01-29,10.140000343322754
2016-02-01,9.7076997756958
2016-02-02,9.944000244140625
2016-02-03,10.11299991607666
2016-02-04,10.154000282287598
2016-02-05,10.196999549865723
2016-02-08,10.314000129699707
2016-02-09,10.401000022888184
2016-02-10,10.39799976348877
2016-02-11,10.494000434875488
2016-02-12,10.64900016784668
2016-02-15,10.411999702453613
2016-02-16,10.60099983215332
2016-02-17,10.663999557495117
2016-02-18,10.717000007629395
2016-02-19,10.83899974822998
2016-02-22,10.967000007629395
2016-02-23,10.812999725341797
2016-02-24,10.998000144958496
2016-02-25,10.989999771118164
2016-02-26,10.901000022888184
2016-02-29,10.711999893188477
2016-03-01,10.99899959564209
2016-03-02,10.755999565124512
2016-03-03,10.793999671936035
2016-03-04,10.651000022888184
2016-03-07,10.305000305175781
2016-03-08,10.569999694824219
2016-03-09,10.730999946594238
2016-03-10,10.67199993133545
2016-03-11,10.673999786376953
2016-03-14,10.149999618530273
2016-03-15,10.425999641418457
2016-03-16,10.541000366210938
2016-03-17,10.434000015258789
2016-03-18,10.357999801635742
2016-03-21,10.428999900817871
2016-03-22,10.345999717712402
2016-03-23,10.295000076293945
2016-03-24,10.380999565124512
2016-03-25,10.355999946594238
2016-03-28,10.303000450134277
2016-03-29,10.270000457763672
2016-03-30,10.265000343322754
2016-03-31,10.154000282287598
2016-04-01,10.147000312805176
2016-04-04,10.26099967956543
2016-04-05,10.329000473022461
2016-04-06,10.50100040435791
2016-04-07,10.515000343322754
2016-04-08,10.670999526977539
2016-04-11,10.621999740600586
2016-04-12,10.572999954223633
2016-04-13,10.498000144958496
2016-04-14,10.454000473022461
2016-04-15,10.538000106811523
2016-04-18,10.593000411987305
2016-04-19,10.472000122070312
2016-04-20,10.309000015258789
2016-04-21,10.295999526977539
2016-04-22,10.404000282287598
2016-04-25,10.300000190734863
2016-04-26,10.33899974822998
2016-04-27,10.293999671936035
2016-04-28,10.281999588012695
2016-04-29,10.494999885559082
2016-05-02,10.72700023651123
2016-05-03,10.67199993133545
2016-05-04,10.78499984741211
2016-05-05,10.899999618530273
2016-05-06,10.866999626159668
2016-05-09,10.89799976348877
2016-05-10,10.835000038146973
2016-05-11,10.711999893188477
2016-05-12,10.732999801635742
2016-05-13,10.70199966430664
2016-05-16,10.807999610900879
2016-05-17,10.789999961853027
2016-05-18,10.776000022888184
2016-05-19,10.781000137329102
2016-05-20,10.79699993133545
2016-05-23,10.807999610900879
2016-05-24,10.805999755859375
2016-05-25,10.765999794006348
2016-05-26,10.706999778747559
2016-05-27,10.73900032043457
2016-05-30,10.704999923706055
2016-05-31,10.815999984741211
2016-06-01,10.741000175476074
2016-06-02,10.875
2016-06-03,10.883000373840332
2016-06-06,10.913000106811523
2016-06-07,10.776000022888184
2016-06-08,10.765999794006348
2016-06-09,10.77400016784668
2016-06-10,10.802000045776367
2016-06-13,11.003999710083008
2016-06-14,11.022000312805176
2016-06-15,11.064000129699707
2016-06-16,11.027999877929688
2016-06-17,11.180999755859375
2016-06-20,11.107000350952148
2016-06-21,11.170000076293945
2016-06-22,11.008000373840332
2016-06-23,10.998000144958496
2016-06-24,10.880999565124512
2016-06-27,11.550999641418457
2016-06-28,11.572999954223633
2016-06-29,11.355999946594238
2016-06-30,11.217000007629395
2016-07-01,11.177000045776367
2016-07-04,11.210000038146973
2016-07-05,11.237000465393066
2016-07-06,11.425999641418457
2016-07-07,11.425000190734863
2016-07-08,11.470000267028809
2016-07-11,11.41100025177002
2016-07-12,11.204999923706055
2016-07-13,10.901000022888184
2016-07-14,10.984000205993652
2016-07-15,10.741000175476074
2016-07-18,10.769000053405762
2016-07-19,10.682000160217285
2016-07-20,10.73900032043457
2016-07-21,10.645999908447266
2016-07-22,10.741000175476074
2016-07-25,10.680999755859375
2016-07-26,10.819000244140625
2016-07-27,10.821999549865723
2016-07-28,10.762999534606934
2016-07-29,10.729000091552734
2016-08-01,10.607999801635742
2016-08-02,10.805999755859375
2016-08-03,11.01099967956543
2016-08-04,10.991999626159668
2016-08-05,10.970999717712402
2016-08-08,10.909000396728516
2016-08-09,10.805999755859375
2016-08-10,10.79699993133545
2016-08-11,10.821999549865723
2016-08-12,10.769000053405762
2016-08-15,10.878000259399414
2016-08-16,10.833999633789062
2016-08-17,10.913999557495117
2016-08-18,11.062000274658203
2016-08-19,11.050999641418457
2016-08-22,11.111000061035156
2016-08-23,11.192000389099121
2016-08-24,11.156000137329102
2016-08-25,11.133999824523926
2016-08-26,11.076000213623047
2016-08-29,11.00100040435791
2016-08-30,10.979999542236328
2016-08-31,10.866000175476074
2016-09-01,10.782999992370605
2016-09-02,10.812000274658203
2016-09-05,10.72599983215332
2016-09-06,10.652000427246094
2016-09-07,10.777999877929688
2016-09-08,10.692000389099121
2016-09-09,10.720999717712402
2016-09-12,10.515000343322754
2016-09-13,10.880000114440918
2016-09-14,10.987000465393066
2016-09-15,10.973999977111816
2016-09-16,11.013999938964844
2016-09-19,10.78499984741211
2016-09-20,10.97700023651123
2016-09-21,10.984999656677246
2016-09-22,10.996999740600586
2016-09-23,10.925000190734863
2016-09-26,10.916999816894531
2016-09-27,11.031000137329102
2016-09-28,10.906999588012695
2016-09-29,10.805999755859375
2016-09-30,10.881999969482422
2016-10-03,10.85099983215332
2016-10-04,10.831999778747559
2016-10-05,10.835000038146973
2016-10-06,10.753999710083008
2016-10-07,10.737000465393066
2016-10-10,10.824999809265137
2016-10-11,10.663000106811523
2016-10-12,10.871999740600586
2016-10-13,10.767000198364258
2016-10-14,10.87600040435791
2016-10-17,10.914999961853027
2016-10-18,10.930999755859375
2016-10-19,10.824000358581543
2016-10-20,10.822999954223633
2016-10-21,10.85200023651123
2016-10-24,10.673999786376953
2016-10-25,10.868000030517578
2016-10-26,10.838000297546387
2016-10-27,10.873000144958496
2016-10-28,10.895000457763672
2016-10-31,10.963000297546387
2016-11-01,10.904999732971191
2016-11-02,11.001999855041504
2016-11-03,11.071999549865723
2016-11-04,11.093000411987305
2016-11-07,10.984000205993652
2016-11-08,10.911999702453613
2016-11-09,10.73799991607666
2016-11-10,10.918999671936035
2016-11-11,10.901000022888184
2016-11-14,10.923999786376953
2016-11-15,10.791000366210938
2016-11-16,10.694999694824219
2016-11-17,10.743000030517578
2016-11-18,10.689000129699707
2016-11-21,10.395000457763672
2016-11-22,10.649999618530273
2016-11-23,10.519000053405762
2016-11-24,10.486000061035156
2016-11-25,10.42300033569336
2016-11-28,10.406000137329102
2016-11-29,10.472000122070312
2016-11-30,10.378999710083008
2016-12-01,10.269000053405762
2016-12-02,10.24899959564209
2016-12-05,10.352999687194824
2016-12-06,10.243000030517578
2016-12-07,10.26099967956543
2016-12-08,10.175999641418457
2016-12-09,10.182000160217285
2016-12-12,9.898900032043457
2016-12-13,10.131999969482422
2016-12-14,10.093999862670898
2016-12-15,10.057999610900879
2016-12-16,10.012999534606934
2016-12-19,10.064000129699707
2016-12-20,10.137999534606934
2016-12-21,10.104000091552734
2016-12-22,10.142000198364258
2016-12-23,10.25
2016-12-26,10.220999717712402
2016-12-27,10.232000350952148
2016-12-28,10.263999938964844
2016-12-29,10.333999633789062
2016-12-30,10.36299991607666
2017-01-02,10.317000389099121
2017-01-03,10.232999801635742
2017-01-04,10.246999740600586
2017-01-05,10.1899995803833
2017-01-06,10.239999771118164
2017-01-09,10.24899959564209
2017-01-10,10.36400032043457
2017-01-11,10.357999801635742
2017-01-12,10.310999870300293
2017-01-13,10.241000175476074
2017-01-16,10.289999961853027
2017-01-17,10.35099983215332
2017-01-18,10.270999908447266
2017-01-19,10.255000114440918
2017-01-20,10.204000473022461
2017-01-23,10.305000305175781
2017-01-24,10.305999755859375
2017-01-25,10.256999969482422
2017-01-26,10.246000289916992
2017-01-27,10.222999572753906
2017-01-30,10.251999855041504
2017-01-31,10.281999588012695
2017-02-01,10.187999725341797
2017-02-02,10.161999702453613
2017-02-03,10.128000259399414
2017-02-06,9.890000343322754
2017-02-07,10.126999855041504
2017-02-08,10.16100025177002
2017-02-09,10.223999977111816
2017-02-10,10.13599967956543
2017-02-13,9.866000175476074
2017-02-14,10.097000122070312
2017-02-15,9.952300071716309
2017-02-16,9.9306001663208
2017-02-17,10.065999984741211
2017-02-20,9.940600395202637
2017-02-21,10.093999862670898
2017-02-22,10.034000396728516
2017-02-23,10.029000282287598
2017-02-24,10.039999961853027
2017-02-27,10.072999954223633
2017-02-28,10.053999900817871
2017-03-01,10.050999641418457
2017-03-02,9.98289966583252
2017-03-03,10.050000190734863
2017-03-06,10.11299991607666
2017-03-07,10.126999855041504
2017-03-08,10.086000442504883
2017-03-09,10.081000328063965
2017-03-10,10.0649995803833
2017-03-13,9.980199813842773
2017-03-14,9.982500076293945
2017-03-15,10.010000228881836
2017-03-16,9.937700271606445
2017-03-17,9.942700386047363
2017-03-20,9.758199691772461
2017-03-21,9.89009952545166
2017-03-22,10.064000129699707
2017-03-23,10.019000053405762
2017-03-24,10.097000122070312
2017-03-27,10.055000305175781
2017-03-28,10.024999618530273
2017-03-29,10.02400016784668
2017-03-30,9.984999656677246
2017-03-31,9.9891996383667
2017-04-03,10.017999649047852
2017-04-04,10.076000213623047
2017-04-05,10.133999824523926
2017-04-06,10.20199966430664
2017-04-07,10.185999870300293
2017-04-10,9.99839973449707
2017-04-11,10.310999870300293
2017-04-12,10.4399995803833
2017-04-13,10.406000137329102
2017-04-14,10.39799976348877
2017-04-17,10.208000183105469
2017-04-18,10.100000381469727
2017-04-19,10.515000343322754
2017-04-20,10.487000465393066
2017-04-21,10.390999794006348
2017-04-24,10.166999816894531
2017-04-25,10.338000297546387
2017-04-26,10.128999710083008
2017-04-27,10.17300033569336
2017-04-28,10.163999557495117
2017-05-01,10.199999809265137
2017-05-02,10.156999588012695
2017-05-03,10.064000129699707
2017-05-04,10.038000106811523
2017-05-05,10.081999778747559
2017-05-08,10.098999977111816
2017-05-09,9.999799728393555
2017-05-10,10.005000114440918
2017-05-11,9.881199836730957
2017-05-12,9.869199752807617
2017-05-15,9.909600257873535
2017-05-16,9.831199645996094
2017-05-17,9.893600463867188
2017-05-18,10.093000411987305
2017-05-19,10.130000114440918
2017-05-22,10.034000396728516
2017-05-23,10.048999786376953
2017-05-24,10.043000221252441
2017-05-25,10.024999618530273
2017-05-26,10.015999794006348
2017-05-29,10.053999900817871
2017-05-30,10.097000122070312
2017-05-31,10.13700008392334
2017-06-01,10.097999572753906
2017-06-02,10.059000015258789
2017-06-05,10.114999771118164
2017-06-06,10.116000175476074
2017-06-07,10.204000473022461
2017-06-08,10.218000411987305
2017-06-09,10.204999923706055
2017-06-12,10.189000129699707
2017-06-13,10.282999992370605
2017-06-14,10.232000350952148
2017-06-15,10.220000267028809
2017-06-16,10.182000160217285
2017-06-19,10.192000389099121
2017-06-20,10.166000366210938
2017-06-21,10.244000434875488
2017-06-22,10.26200008392334
2017-06-23,10.234000205993652
2017-06-26,10.1850004196167
2017-06-27,10.12600040435791
2017-06-28,10.157999992370605
2017-06-29,10.123000144958496
2017-06-30,10.232000350952148
2017-07-03,10.196000099182129
2017-07-04,10.135000228881836
2017-07-05,10.168999671936035
2017-07-06,10.182000160217285
2017-07-07,10.217000007629395
2017-07-10,9.899499893188477
2017-07-12,10.086000442504883
2017-07-13,10.029999732971191
2017-07-14,10.015999794006348
2017-07-17,10.027000427246094
2017-07-18,10.01099967956543
2017-07-19,10.036999702453613
2017-07-20,10.039999961853027
2017-07-21,10.01200008392334
2017-07-24,10.057999610900879
2017-07-25,10.01099967956543
2017-07-26,9.9891996383667
2017-07-27,9.999300003051758
2017-07-28,10.038999557495117
2017-07-31,10.168000221252441
2017-08-01,10.133999824523926
2017-08-02,10.140999794006348
2017-08-03,10.128000259399414
2017-08-04,10.255999565124512
2017-08-07,10.170999526977539
2017-08-08,10.159000396728516
2017-08-09,10.223999977111816
2017-08-10,10.336999893188477
2017-08-11,10.479000091552734
2017-08-14,10.447999954223633
2017-08-15,10.355999946594238
2017-08-16,10.26099967956543
2017-08-17,10.314000129699707
2017-08-18,10.425000190734863
2017-08-21,10.418000221252441
2017-08-22,10.442000389099121
2017-08-23,10.307999610900879
2017-08-24,10.331000328063965
2017-08-25,10.289999961853027
2017-08-28,10.225000381469727
2017-08-29,10.279999732971191
2017-08-30,10.237000465393066
2017-08-31,10.164999961853027
2017-09-01,10.199000358581543
2017-09-04,10.187000274658203
2017-09-05,10.307000160217285
2017-09-06,10.416999816894531
2017-09-07,10.36400032043457
2017-09-08,10.404000282287598
2017-09-11,10.46399974822998
2017-09-12,10.322999954223633
2017-09-13,10.227999687194824
2017-09-14,10.234000205993652
2017-09-15,10.305999755859375
2017-09-18,10.189000129699707
2017-09-19,10.123000144958496
2017-09-20,10.128000259399414
2017-09-21,10.048999786376953
2017-09-22,10.057999610900879
2017-09-25,10.083000183105469
2017-09-26,10.142999649047852
2017-09-27,10.112000465393066
2017-09-28,10.142000198364258
2017-09-29,10.180000305175781
2017-10-02,10.163000106811523
2017-10-03,10.126999855041504
2017-10-04,10.114999771118164
2017-10-05,10.121999740600586
2017-10-06,10.123000144958496
2017-10-09,10.159000396728516
2017-10-10,10.142999649047852
2017-10-11,10.09000015258789
2017-10-12,10.0600004196167
2017-10-13,10.083999633789062
2017-10-16,10.064000129699707
2017-10-17,10.043000221252441
2017-10-18,10.065999984741211
2017-10-19,10.008999824523926
2017-10-20,10.005999565124512
2017-10-23,9.938899993896484
2017-10-24,9.95740032196045
2017-10-25,9.913000106811523
2017-10-26,9.916600227355957
2017-10-27,9.884900093078613
2017-10-30,9.89229965209961
2017-10-31,9.939000129699707
2017-11-01,9.832099914550781
2017-11-02,9.71660041809082
2017-11-03,9.749199867248535
2017-11-06,9.761699676513672
2017-11-07,9.787699699401855
2017-11-08,9.777299880981445
2017-11-09,9.766400337219238
2017-11-10,9.85669994354248
2017-11-13,9.833100318908691
2017-11-14,9.85219955444336
2017-11-15,9.835800170898438
2017-11-17,9.697099685668945
2017-11-20,9.586000442504883
2017-11-21,9.734600067138672
2017-11-22,9.709699630737305
2017-11-23,9.74899959564209
2017-11-24,9.728799819946289
2017-11-27,9.714500427246094
2017-11-28,9.803600311279297
2017-11-29,9.703800201416016
2017-11-30,9.646499633789062
2017-12-01,9.656000137329102
2017-12-04,9.614299774169922
2017-12-05,9.642200469970703
2017-12-06,9.645099639892578
2017-12-07,9.727800369262695
2017-12-08,9.649800300598145
2017-12-11,9.371899604797363
2017-12-12,9.578300476074219
2017-12-13,9.60830020904541
2017-12-14,9.611200332641602
2017-12-15,9.677800178527832
2017-12-18,9.659299850463867
2017-12-19,9.640399932861328
2017-12-20,9.59469985961914
2017-12-21,9.536499977111816
2017-12-22,9.530900001525879
2017-12-25,9.505800247192383
2017-12-26,9.285099983215332
2017-12-27,9.493399620056152
2017-12-28,9.477899551391602
2017-12-29,9.472200393676758
2018-01-01,9.456199645996094
2018-01-02,9.443300247192383
2018-01-03,9.463399887084961
2018-01-04,9.445500373840332
2018-01-05,9.40530014038086
2018-01-08,9.369400024414062
2018-01-09,9.432600021362305
2018-01-10,9.503100395202637
2018-01-11,9.596599578857422
2018-01-12,9.567000389099121
2018-01-15,9.292499542236328
2018-01-16,9.599699974060059
2018-01-17,9.621600151062012
2018-01-18,9.577400207519531
2018-01-19,9.633199691772461
2018-01-22,9.421799659729004
2018-01-23,9.629300117492676
2018-01-24,9.740400314331055
2018-01-25,9.734299659729004
2018-01-26,9.704299926757812
2018-01-29,9.783499717712402
2018-01-30,9.818099975585938
2018-01-31,9.862700462341309
2018-02-01,9.7878999710083
2018-02-02,9.790900230407715
2018-02-05,9.903499603271484
2018-02-06,10.02299976348877
2018-02-07,9.843899726867676
2018-02-08,9.97089958190918
2018-02-09,10.095000267028809
2018-02-12,9.95300006866455
2018-02-13,9.959199905395508
2018-02-14,10.057000160217285
2018-02-15,10.039999961853027
2018-02-16,10.017000198364258
2018-02-19,10.027000427246094
2018-02-20,9.996100425720215
2018-02-21,9.985799789428711
2018-02-22,9.985899925231934
2018-02-23,10.112000465393066
2018-02-26,9.837400436401367
2018-02-27,9.98840045928955
2018-02-28,10.055999755859375
2018-03-01,10.175999641418457
2018-03-02,10.189000129699707
2018-03-05,10.220999717712402
2018-03-06,10.130999565124512
2018-03-07,10.071999549865723
2018-03-08,10.038000106811523
2018-03-09,10.085000038146973
2018-03-12,9.952400207519531
2018-03-13,10.006999969482422
2018-03-14,10.01099967956543
2018-03-15,10.005999565124512
2018-03-16,10.050000190734863
2018-03-19,10.100000381469727
2018-03-20,10.114999771118164
2018-03-21,10.052000045776367
2018-03-22,10.041000366210938
2018-03-23,10.286999702453613
2018-03-26,10.324000358581543
2018-03-27,10.180000305175781
2018-03-28,10.182000160217285
2018-03-29,9.952799797058105
2018-03-30,9.971099853515625
2018-04-02,9.978400230407715
2018-04-03,9.841899871826172
2018-04-04,9.897500038146973
2018-04-05,9.901000022888184
2018-04-06,9.91510009765625
2018-04-09,10.005000114440918
2018-04-10,10.008999824523926
2018-04-11,9.926199913024902
2018-04-12,9.97350025177002
2018-04-13,9.976900100708008
2018-04-16,9.958499908447266
2018-04-17,9.988100051879883
2018-04-18,9.958100318908691
2018-04-19,9.912500381469727
2018-04-20,9.921699523925781
2018-04-23,9.929300308227539
2018-04-24,9.929200172424316
2018-04-25,9.893699645996094
2018-04-26,9.8818998336792
2018-04-27,9.849200248718262
2018-04-30,9.78279972076416
2018-05-01,9.780400276184082
2018-05-02,9.800700187683105
2018-05-03,9.819899559020996
2018-05-04,9.843199729919434
2018-05-07,9.830599784851074
2018-05-08,9.89680004119873
2018-05-09,9.880000114440918
2018-05-10,9.811100006103516
2018-05-11,9.723400115966797
2018-05-14,9.748100280761719
2018-05-15,9.740500450134277
2018-05-16,9.780599594116211
2018-05-17,9.751799583435059
2018-05-18,9.74940013885498
2018-05-21,9.743300437927246
2018-05-22,9.695099830627441
2018-05-23,9.69629955291748
2018-05-24,9.779999732971191
2018-05-25,9.869999885559082
2018-05-28,9.791399955749512
2018-05-29,9.808699607849121
2018-05-30,9.99429988861084
2018-05-31,9.886199951171875
2018-06-01,9.929100036621094
2018-06-04,9.762100219726562
2018-06-05,9.730999946594238
2018-06-06,9.738200187683105
2018-06-07,9.668499946594238
2018-06-08,9.764699935913086
2018-06-11,9.798999786376953
2018-06-12,9.748200416564941
2018-06-13,9.76930046081543
2018-06-14,9.836899757385254
2018-06-15,9.85509967803955
2018-06-18,9.974499702453613
2018-06-19,10.020999908447266
2018-06-20,10.092000007629395
2018-06-21,10.034000396728516
2018-06-22,10.09000015258789
2018-06-25,10.097999572753906
2018-06-26,10.15999984741211
2018-06-27,10.14799976348877
2018-06-28,10.180999755859375
2018-06-29,10.138999938964844
2018-07-02,10.0649995803833
2018-07-03,10.083999633789062
2018-07-04,10.07800006866455
2018-07-05,10.081999778747559
2018-07-06,10.107000350952148
2018-07-09,10.083000183105469
2018-07-10,10.02400016784668
2018-07-11,10.03600025177002
2018-07-12,10.065999984741211
2018-07-13,9.96049976348877
2018-07-16,10.048999786376953
2018-07-17,10.032999992370605
2018-07-18,9.958800315856934
2018-07-19,10.024999618530273
2018-07-20,10.090999603271484
2018-07-23,9.881600379943848
2018-07-24,10.154000282287598
2018-07-25,10.13700008392334
2018-07-26,10.060999870300293
2018-07-27,10.102999687194824
2018-07-30,10.043999671936035
2018-07-31,10.0600004196167
2018-08-01,9.945500373840332
2018-08-02,10.020000457763672
2018-08-03,10.097999572753906
2018-08-06,10.093000411987305
2018-08-07,10.104999542236328
2018-08-08,10.02400016784668
2018-08-09,10.0600004196167
2018-08-10,10.093000411987305
2018-08-13,10.218999862670898
2018-08-14,10.26200008392334
2018-08-15,10.126999855041504
2018-08-16,10.27400016784668
2018-08-17,10.145000457763672
2018-08-20,10.119999885559082
2018-08-21,10.152999877929688
2018-08-22,10.130999565124512
2018-08-23,10.102999687194824
2018-08-24,10.109999656677246
2018-08-27,9.98069953918457
2018-08-28,9.968099594116211
2018-08-29,9.955599784851074
2018-08-30,9.920100212097168
2018-08-31,10.045999526977539
2018-09-03,10.027000427246094
2018-09-04,10.020999908447266
2018-09-05,10.057000160217285
2018-09-06,10.029000282287598
2018-09-07,10.175999641418457
2018-09-10,10.156000137329102
2018-09-11,10.22599983215332
2018-09-12,10.079999923706055
2018-09-13,10.118000030517578
2018-09-14,10.001999855041504
2018-09-17,10.010000228881836
2018-09-18,10.074000358581543
2018-09-19,9.979399681091309
2018-09-20,9.988100051879883
2018-09-21,9.922200202941895
2018-09-24,9.897899627685547
2018-09-25,9.909299850463867
2018-09-26,9.875800132751465
2018-09-27,9.880999565124512
2018-09-28,9.809900283813477
2018-10-01,9.742600440979004
2018-10-02,9.758600234985352
2018-10-03,9.837200164794922
2018-10-04,9.829500198364258
2018-10-05,9.941100120544434
2018-10-08,9.684800148010254
2018-10-09,10.015999794006348
2018-10-10,10.017999649047852
2018-10-11,10.192999839782715
2018-10-12,10.118000030517578
2018-10-15,10.079000473022461
2018-10-16,10.147000312805176
2018-10-17,9.98550033569336
2018-10-18,10.003999710083008
2018-10-19,10.126999855041504
2018-10-22,10.057999610900879
2018-10-23,10.029000282287598
2018-10-24,10.104999542236328
2018-10-25,10.152999877929688
2018-10-26,10.10200023651123
2018-10-29,10.182000160217285
2018-10-30,10.163999557495117
2018-10-31,10.059000015258789
2018-11-01,10.107999801635742
2018-11-02,10.012999534606934
2018-11-05,9.861599922180176
2018-11-06,9.900699615478516
2018-11-07,9.874300003051758
2018-11-08,9.819299697875977
2018-11-09,9.824799537658691
2018-11-12,9.93019962310791
2018-11-13,10.001999855041504
2018-11-14,9.938199996948242
2018-11-15,9.95989990234375
2018-11-16,9.924300193786621
2018-11-19,9.938799858093262
2018-11-20,10.008999824523926
2018-11-21,10.015000343322754
2018-11-22,10.059000015258789
2018-11-23,10.050000190734863
2018-11-26,10.038000106811523
2018-11-27,9.946900367736816
2018-11-28,9.935600280761719
2018-11-29,9.8725004196167
2018-11-30,9.845399856567383
2018-12-03,9.817099571228027
2018-12-04,9.756799697875977
2018-12-05,9.854599952697754
2018-12-06,9.833800315856934
2018-12-07,9.935099601745605
2018-12-10,9.97659969329834
2018-12-11,9.996999740600586
2018-12-12,9.944700241088867
2018-12-13,9.920299530029297
2018-12-14,9.920499801635742
2018-12-17,9.976400375366211
2018-12-18,9.99839973449707
2018-12-19,9.998200416564941
2018-12-20,10.03600025177002
2018-12-21,10.069999694824219
2018-12-24,10.152000427246094
2018-12-25,10.182000160217285
2018-12-26,10.163000106811523
2018-12-27,10.130000114440918
2018-12-28,10.092000007629395
2018-12-31,10.116999626159668
2019-01-01,10.147000312805176
2019-01-02,10.149999618530273
2019-01-03,10.442999839782715
2019-01-04,10.42199993133545
2019-01-07,10.265000343322754
2019-01-08,10.277999877929688
2019-01-09,10.303999900817871
2019-01-10,10.336000442504883
2019-01-11,10.305999755859375
2019-01-14,10.309000015258789
2019-01-15,10.361000061035156
2019-01-16,10.331000328063965
2019-01-17,10.260000228881836
2019-01-18,10.265999794006348
2019-01-21,10.26099967956543
2019-01-22,10.321999549865723
2019-01-23,10.329000473022461
2019-01-24,10.277000427246094
2019-01-25,10.279999732971191
2019-01-28,10.218999862670898
2019-01-29,10.244999885559082
2019-01-30,10.21399974822998
2019-01-31,10.17300033569336
2019-02-01,10.210000038146973
2019-02-04,10.218000411987305
2019-02-05,10.192000389099121
2019-02-06,10.170999526977539
2019-02-07,10.194999694824219
2019-02-08,10.234000205993652
2019-02-11,10.225000381469727
2019-02-12,10.190999984741211
2019-02-13,10.13599967956543
2019-02-14,10.126999855041504
2019-02-15,10.206999778747559
2019-02-18,10.178000450134277
2019-02-19,10.166000366210938
2019-02-20,10.140999794006348
2019-02-21,10.126999855041504
2019-02-22,10.154000282287598
2019-02-25,10.131999969482422
2019-02-26,10.0600004196167
2019-02-27,10.074999809265137
2019-02-28,10.064000129699707
2019-03-01,10.093000411987305
2019-03-04,10.060999870300293
2019-03-05,10.090999603271484
2019-03-06,10.062999725341797
2019-03-07,10.092000007629395
2019-03-08,10.147000312805176
2019-03-11,10.208999633789062
2019-03-12,10.156000137329102
2019-03-13,10.126999855041504
2019-03-14,10.157999992370605
2019-03-15,10.15999984741211
2019-03-18,10.175999641418457
2019-03-19,10.152000427246094
2019-03-20,10.135000228881836
2019-03-21,10.163999557495117
2019-03-22,10.175000190734863
2019-03-25,10.310999870300293
2019-03-26,10.300000190734863
2019-03-27,10.255999565124512
2019-03-28,10.298999786376953
2019-03-29,10.24899959564209
2019-04-01,10.237000465393066
2019-04-02,10.16100025177002
2019-04-03,10.208999633789062
2019-04-04,10.173999786376953
2019-04-05,10.15999984741211
2019-04-08,10.175000190734863
2019-04-09,10.23799991607666
2019-04-10,10.26099967956543
2019-04-11,10.243000030517578
2019-04-12,10.220999717712402
2019-04-15,10.116999626159668
2019-04-16,10.123000144958496
2019-04-17,10.140999794006348
2019-04-18,10.088000297546387
2019-04-19,10.145000457763672
2019-04-22,10.13700008392334
2019-04-23,10.1850004196167
2019-04-24,10.206999778747559
2019-04-25,10.302000045776367
2019-04-26,10.390999794006348
2019-04-29,10.37399959564209
2019-04-30,10.37600040435791
2019-05-01,10.442000389099121
2019-05-02,10.449999809265137
2019-05-03,10.458999633789062
2019-05-06,10.515999794006348
2019-05-07,10.541000366210938
2019-05-08,10.623000144958496
2019-05-09,10.652999877929688
2019-05-10,10.73900032043457
2019-05-13,10.708999633789062
2019-05-14,10.87600040435791
2019-05-15,10.821999549865723
2019-05-16,10.833999633789062
2019-05-17,10.835000038146973
2019-05-20,10.836000442504883
2019-05-21,10.840999603271484
2019-05-23,10.793999671936035
2019-05-24,10.850000381469727
2019-05-27,10.831000328063965
2019-05-28,10.795999526977539
2019-05-29,10.861000061035156
2019-05-30,10.883000373840332
2019-05-31,10.864999771118164
2019-06-03,10.97599983215332
2019-06-04,10.909000396728516
2019-06-05,10.86299991607666
2019-06-06,10.880999565124512
2019-06-07,10.85200023651123
2019-06-10,10.88700008392334
2019-06-11,10.909000396728516
2019-06-12,10.859000205993652
2019-06-13,10.907999992370605
2019-06-14,10.902999877929688
2019-06-17,10.92199993133545
2019-06-18,10.920000076293945
2019-06-19,10.807999610900879
2019-06-20,10.824000358581543
2019-06-21,10.786999702453613
2019-06-24,10.791999816894531
2019-06-25,10.73900032043457
2019-06-26,10.782999992370605
2019-06-27,10.696999549865723
2019-06-28,10.725000381469727
2019-07-01,10.661999702453613
2019-07-02,10.70199966430664
2019-07-03,10.810999870300293
2019-07-04,10.845000267028809
2019-07-05,10.82800006866455
2019-07-08,10.822999954223633
2019-07-09,10.85200023651123
2019-07-10,10.845999717712402
2019-07-11,10.85099983215332
2019-07-12,10.812000274658203
2019-07-15,10.91100025177002
2019-07-16,10.92199993133545
2019-07-17,10.88599967956543
2019-07-18,10.920000076293945
2019-07-19,10.901000022888184
2019-07-22,10.89900016784668
2019-07-23,10.887999534606934
2019-07-24,10.871999740600586
2019-07-25,10.87399959564209
2019-07-26,10.880999565124512
2019-07-29,10.892999649047852
2019-07-30,10.854999542236328
2019-07-31,10.875
2019-08-01,10.899999618530273
2019-08-02,11.121999740600586
2019-08-05,11.295999526977539
2019-08-06,11.517999649047852
2019-08-07,11.404000282287598
2019-08-08,11.420999526977539
2019-08-09,11.399999618530273
2019-08-12,11.510000228881836
2019-08-13,11.555999755859375
2019-08-14,11.300999641418457
2019-08-15,11.47700023651123
2019-08-16,11.420000076293945
2019-08-19,11.345000267028809
2019-08-20,11.357999801635742
2019-08-21,11.34000015258789
2019-08-22,11.269000053405762
2019-08-23,11.35099983215332
2019-08-26,11.564000129699707
2019-08-27,11.423999786376953
2019-08-28,11.449999809265137
2019-08-29,11.420000076293945
2019-08-30,11.34000015258789
2019-09-02,11.392000198364258
2019-09-03,11.420000076293945
2019-09-04,11.434000015258789
2019-09-05,11.310999870300293
2019-09-06,11.168999671936035
2019-09-09,11.142000198364258
2019-09-10,11.097999572753906
2019-09-11,11.053999900817871
2019-09-12,11.015999794006348
2019-09-13,10.92199993133545
2019-09-16,10.937999725341797
2019-09-17,10.9399995803833
2019-09-18,10.968999862670898
2019-09-19,10.970999717712402
2019-09-20,11.050000190734863
2019-09-23,11.081999778747559
2019-09-24,11.085000038146973
2019-09-25,11.140000343322754
2019-09-26,11.12399959564209
2019-09-27,11.123000144958496
2019-09-30,11.133999824523926
2019-10-01,11.085000038146973
2019-10-02,11.152999877929688
2019-10-03,11.229999542236328
2019-10-04,11.232999801635742
2019-10-07,11.157999992370605
2019-10-08,11.14900016784668
2019-10-09,11.20300006866455
2019-10-10,11.166000366210938
2019-10-11,11.019000053405762
2019-10-14,10.902193069458008
2019-10-15,10.907882690429688
2019-10-16,10.880558967590332
2019-10-17,10.901955604553223
2019-10-18,10.841522216796875
2019-10-21,10.86654281616211
2019-10-22,10.785676956176758
2019-10-23,10.797013282775879
2019-10-24,10.766901016235352
2019-10-25,10.81166934967041
2019-10-28,10.767448425292969
2019-10-29,10.707462310791016
2019-10-30,10.706987380981445
2019-10-31,10.697050094604492
2019-11-01,10.819856643676758
2019-11-04,10.753671646118164
2019-11-05,10.688223838806152
2019-11-06,10.583212852478027
2019-11-07,10.651095390319824
2019-11-08,10.558504104614258
2019-11-11,10.606927871704102
2019-11-12,10.681846618652344
2019-11-13,10.688301086425781
2019-11-14,10.760287284851074
2019-11-15,10.760305404663086
2019-11-18,10.687832832336426
2019-11-19,10.726582527160645
2019-11-20,10.75003719329834
2019-11-21,10.770004272460938
2019-11-22,10.823034286499023
2019-11-25,10.847580909729004
2019-11-26,10.756845474243164
2019-11-27,10.748184204101562
2019-11-28,10.74713134765625
2019-11-29,10.747190475463867
2019-12-02,10.770072937011719
2019-12-03,10.857869148254395
2019-12-04,10.930283546447754
2019-12-05,10.928971290588379
2019-12-06,10.92516040802002
2019-12-09,10.91879940032959
2019-12-10,10.946999549865723
2019-12-11,10.932570457458496
2019-12-12,10.943267822265625
2019-12-13,10.690217971801758
2019-12-16,10.710078239440918
2019-12-17,10.6503267288208
2019-12-18,10.617104530334473
2019-12-19,10.62808609008789
2019-12-20,10.614240646362305
2019-12-23,10.586828231811523
2019-12-24,10.619097709655762
2019-12-25,10.62459659576416
2019-12-26,10.582954406738281
2019-12-27,10.60214614868164
2019-12-30,10.606635093688965
2019-12-31,10.62109088897705
2020-01-01,10.61553955078125
2020-01-02,10.615074157714844
2020-01-03,10.659966468811035
2020-01-06,10.798657417297363
2020-01-07,10.75662899017334
2020-01-08,10.797057151794434
2020-01-09,10.649169921875
2020-01-10,10.572882652282715
2020-01-13,10.559109687805176
2020-01-14,10.492176055908203
2020-01-15,10.524279594421387
2020-01-16,10.536259651184082
2020-01-17,10.516586303710938
2020-01-20,10.521855354309082
2020-01-21,10.50588607788086
2020-01-22,10.632980346679688
2020-01-23,10.6053466796875
2020-01-24,10.657465934753418
2020-01-27,10.737181663513184
2020-01-28,10.802923202514648
2020-01-29,10.768526077270508
2020-01-30,10.817395210266113
2020-01-31,10.902861595153809
2020-02-03,11.016589164733887
2020-02-04,10.949934959411621
2020-02-05,10.804035186767578
2020-02-06,10.776458740234375
2020-02-07,10.76865005493164
2020-02-10,10.85740852355957
2020-02-11,10.810098648071289
2020-02-12,10.74876880645752
2020-02-13,10.722862243652344
2020-02-14,10.781901359558105
2020-02-17,10.76050090789795
2020-02-18,10.77837085723877
2020-02-19,10.821002006530762
2020-02-20,10.711742401123047
2020-02-21,10.755827903747559
2020-02-24,10.80189323425293
2020-02-25,10.984911918640137
2020-02-26,11.012829780578613
2020-02-27,10.977286338806152
2020-02-28,11.0450439453125
2020-03-02,11.125016212463379
2020-03-03,10.951990127563477
2020-03-04,11.081904411315918
2020-03-05,10.991591453552246
2020-03-06,11.175264358520508
2020-03-09,11.423103332519531
2020-03-10,11.634735107421875
2020-03-11,11.28597354888916
2020-03-12,11.388894081115723
2020-03-13,11.566373825073242
2020-03-16,11.347212791442871
2020-03-17,11.60330581665039
2020-03-18,11.528249740600586
2020-03-19,11.580719947814941
2020-03-20,11.294498443603516
2020-03-23,11.355053901672363
2020-03-24,11.36384105682373
2020-03-25,11.055720329284668
2020-03-26,11.032380104064941
2020-03-27,11.109338760375977
2020-03-30,11.28110408782959
2020-03-31,11.321892738342285
2020-04-01,11.316766738891602
2020-04-02,11.512628555297852
2020-04-03,11.348006248474121
2020-04-06,11.369898796081543
2020-04-07,11.208646774291992
2020-04-08,11.175431251525879
2020-04-09,11.152117729187012
2020-04-10,11.141077995300293
2020-04-13,11.177163124084473
2020-04-14,11.27919864654541
2020-04-15,11.310481071472168
2020-04-16,11.358365058898926
2020-04-17,11.3624849319458
2020-04-20,11.287314414978027
2020-04-21,11.327194213867188
2020-04-22,11.42617130279541
2020-04-23,11.420595169067383
2020-04-24,11.441018104553223
2020-04-27,11.437475204467773
2020-04-28,11.379158973693848
2020-04-29,11.432640075683594
2020-04-30,11.356710433959961
2020-05-01,11.304919242858887
2020-05-04,11.464303016662598
2020-05-05,11.45714282989502
2020-05-06,11.472521781921387
2020-05-07,11.56856918334961
2020-05-08,11.457315444946289
2020-05-11,11.397814750671387
2020-05-12,11.363287925720215
2020-05-13,11.438424110412598
2020-05-14,11.469322204589844
2020-05-15,11.414440155029297
2020-05-18,11.492947578430176
2020-05-19,11.400473594665527
2020-05-20,11.356289863586426
2020-05-21,11.399799346923828
2020-05-22,11.458791732788086
2020-05-25,11.504904747009277
2020-05-26,11.514520645141602
2020-05-27,11.450272560119629
2020-05-28,11.487278938293457
2020-05-29,11.50063419342041
2020-06-01,11.423863410949707
2020-06-02,11.371309280395508
2020-06-03,11.202653884887695
2020-06-04,11.153749465942383
2020-06-05,11.13607406616211
2020-06-08,10.954785346984863
2020-06-09,11.012411117553711
2020-06-10,11.107040405273438
2020-06-11,11.12088394165039
2020-06-12,11.279891014099121
2020-06-15,11.208025932312012
2020-06-16,11.229320526123047
2020-06-17,11.27490234375
2020-06-18,11.361408233642578
2020-06-19,11.321121215820312
2020-06-22,11.33399486541748
2020-06-23,11.29965877532959
2020-06-24,11.348966598510742
2020-06-25,11.259336471557617
2020-06-26,11.212154388427734
2020-06-29,11.218354225158691
2020-06-30,11.139335632324219
2020-07-01,11.096510887145996
2020-07-02,11.182305335998535
2020-07-03,11.146149635314941
2020-07-06,11.139511108398438
2020-07-07,11.092452049255371
2020-07-08,11.114416122436523
2020-07-09,11.110882759094238
2020-07-10,11.150617599487305
2020-07-13,11.219380378723145
2020-07-14,11.221125602722168
2020-07-15,11.226705551147461
2020-07-16,11.227678298950195
2020-07-17,11.224839210510254
2020-07-20,11.229363441467285
2020-07-21,11.194570541381836
2020-07-22,11.166031837463379
2020-07-23,11.162689208984375
2020-07-24,11.236089706420898
2020-07-27,11.326605796813965
2020-07-28,11.360933303833008
2020-07-29,11.41050910949707
2020-07-30,11.338929176330566
2020-07-31,11.355191230773926
2020-08-03,11.272540092468262
2020-08-04,11.238494873046875
2020-08-05,11.29211139678955
2020-08-06,11.227092742919922
2020-08-07,11.206740379333496
2020-08-10,11.224103927612305
2020-08-11,11.182280540466309
2020-08-12,11.123814582824707
2020-08-13,11.06982135772705
2020-08-14,11.067535400390625
2020-08-17,11.130359649658203
2020-08-18,11.161026954650879
2020-08-19,11.238882064819336
2020-08-20,11.134572982788086
2020-08-21,11.207874298095703
2020-08-24,11.249728202819824
2020-08-25,11.210699081420898
2020-08-26,11.15210247039795
2020-08-27,11.183121681213379
2020-08-28,11.126791000366211
2020-08-31,11.176498413085938
2020-09-01,11.197234153747559
2020-09-02,11.189362525939941
2020-09-03,11.19067096710205
2020-09-04,11.224167823791504
2020-09-07,11.159215927124023
2020-09-08,11.16389274597168
2020-09-09,11.222315788269043
2020-09-10,11.144475936889648
2020-09-11,11.184109687805176
2020-09-14,11.181585311889648
2020-09-15,11.169357299804688
2020-09-16,11.189187049865723
2020-09-17,11.155388832092285
2020-09-18,11.163284301757812
2020-09-21,11.135835647583008
2020-09-22,11.1170654296875
2020-09-23,11.0589599609375
2020-09-24,11.106700897216797
2020-09-25,11.082900047302246
2020-09-28,11.11396312713623
2020-09-29,11.06241512298584
2020-09-30,11.052215576171875
2020-10-01,11.03590202331543
2020-10-02,11.008726119995117
2020-10-05,11.043396949768066
2020-10-06,10.93637752532959
2020-10-07,11.01705265045166
2020-10-08,10.913482666015625
2020-10-09,10.858304023742676
2020-10-12,10.816554069519043
2020-10-13,10.882338523864746
2020-10-14,10.883671760559082
2020-10-15,10.902182579040527
2020-10-16,10.859314918518066
2020-10-19,10.82390022277832
2020-10-20,10.798273086547852
2020-10-21,10.770478248596191
2020-10-22,10.814247131347656
2020-10-23,10.809172630310059
2020-10-26,10.757909774780273
2020-10-27,10.79458999633789
2020-10-28,10.791980743408203
2020-10-29,10.87159538269043
2020-10-30,10.803110122680664
2020-11-02,10.859454154968262
2020-11-03,10.810702323913574
2020-11-04,10.808693885803223
2020-11-05,10.816219329833984
2020-11-06,10.833518028259277
2020-11-09,10.846384048461914
2020-11-10,10.639795303344727
2020-11-11,10.602574348449707
2020-11-12,10.543966293334961
2020-11-13,10.609952926635742
2020-11-16,10.576297760009766
2020-11-17,10.580341339111328
2020-11-18,10.607078552246094
2020-11-19,10.646129608154297
2020-11-20,10.731407165527344
2020-11-23,10.721247673034668
2020-11-24,10.648018836975098
2020-11-25,10.61744499206543
2020-11-26,10.595953941345215
2020-11-27,10.604880332946777
2020-11-30,10.597391128540039
2020-12-01,10.622737884521484
2020-12-02,10.605745315551758
2020-12-03,10.524311065673828
2020-12-04,10.510951042175293
2020-12-07,10.400060653686523
2020-12-08,10.420187950134277
2020-12-09,10.417122840881348
2020-12-10,10.4185209274292
2020-12-11,10.4268159866333
2020-12-14,10.48474407196045
2020-12-15,10.499062538146973
2020-12-16,10.500410079956055
2020-12-17,10.55904483795166
2020-12-18,10.597434997558594
2020-12-21,10.625815391540527
2020-12-22,10.662369728088379
2020-12-23,10.703156471252441
2020-12-24,10.66814136505127
2020-12-25,10.611769676208496
2020-12-28,10.578205108642578
2020-12-29,10.551339149475098
2020-12-30,10.549579620361328
2020-12-31,10.548276901245117
2021-01-01,10.506051063537598
2021-01-04,10.543598175048828
2021-01-05,10.537431716918945
2021-01-06,10.580347061157227
2021-01-07,10.549736976623535
2021-01-08,10.531143188476562
2021-01-11,10.481107711791992
2021-01-12,10.537879943847656
2021-01-13,10.538975715637207
2021-01-14,10.565592765808105
2021-01-15,10.553698539733887
2021-01-18,10.607726097106934
2021-01-19,10.636371612548828
2021-01-20,10.596222877502441
2021-01-21,10.585651397705078
2021-01-22,10.625564575195312
2021-01-25,10.650750160217285
2021-01-26,10.617446899414062
2021-01-27,10.62647819519043
2021-01-28,10.633191108703613
2021-01-29,10.663925170898438
2021-02-01,10.674009323120117
2021-02-02,10.648513793945312
2021-02-03,10.60318374633789
2021-02-04,10.599913597106934
2021-02-05,10.601709365844727
2021-02-08,10.604701042175293
2021-02-09,10.609989166259766
2021-02-10,10.61337661743164
2021-02-11,10.570311546325684
2021-02-12,10.522893905639648
2021-02-15,10.50168514251709
2021-02-16,10.459074020385742
2021-02-17,10.427087783813477
2021-02-18,10.433661460876465
2021-02-19,10.470020294189453
2021-02-22,10.45448112487793
2021-02-23,10.579118728637695
2021-02-24,10.536059379577637
2021-02-25,10.450504302978516
2021-02-26,10.520008087158203
2021-03-01,10.5432710647583
2021-03-02,10.311441421508789
2021-03-03,10.531279563903809
2021-03-04,10.550060272216797
2021-03-05,10.498819351196289
2021-03-08,10.399088859558105
2021-03-09,10.467260360717773
2021-03-10,10.451427459716797
2021-03-11,10.476032257080078
2021-03-12,10.406506538391113
2021-03-15,10.396810531616211
2021-03-16,10.366410255432129
2021-03-17,10.36131477355957
2021-03-18,10.292928695678711
2021-03-19,10.337117195129395
2021-03-22,10.35639476776123
2021-03-23,10.342605590820312
2021-03-24,10.429675102233887
2021-03-25,10.428834915161133
2021-03-26,10.38844108581543
2021-03-29,10.273514747619629
2021-03-30,10.304251670837402
2021-03-31,10.264425277709961
2021-04-01,10.177050590515137
2021-04-02,10.19835090637207
2021-04-05,10.198773384094238
2021-04-06,10.201190948486328
2021-04-07,10.177826881408691
2021-04-08,10.176145553588867
2021-04-09,10.205988883972168
2021-04-12,10.229046821594238
2021-04-13,10.281059265136719
2021-04-14,10.288971900939941
2021-04-15,10.249744415283203
2021-04-16,10.26404857635498
2021-04-19,10.261350631713867
2021-04-20,10.309239387512207
2021-04-21,10.322260856628418
2021-04-22,10.324861526489258
2021-04-23,10.35523509979248
2021-04-26,10.326727867126465
2021-04-27,10.25302791595459
2021-04-28,10.226292610168457
2021-04-29,10.217613220214844
2021-04-30,10.161754608154297
2021-05-03,10.218131065368652
2021-05-04,10.270512580871582
2021-05-05,10.289121627807617
2021-05-06,10.28903865814209
2021-05-07,10.264824867248535
2021-05-10,10.241822242736816
2021-05-11,10.248881340026855
2021-05-12,10.28577709197998
2021-05-13,10.31916332244873
2021-05-14,10.268431663513184
2021-05-17,10.28689193725586
2021-05-18,10.395723342895508
2021-05-19,10.353272438049316
2021-05-20,10.343820571899414
2021-05-21,10.352920532226562
2021-05-24,10.3445463180542
2021-05-25,10.309945106506348
2021-05-26,10.307129859924316
2021-05-27,10.218097686767578
2021-05-28,10.174845695495605
2021-05-31,10.123397827148438
2021-06-01,10.109959602355957
2021-06-02,10.112700462341309
2021-06-03,10.127330780029297
2021-06-04,10.115718841552734
2021-06-07,10.123201370239258
2021-06-08,10.15195083618164
2021-06-09,10.202656745910645
2021-06-10,10.184183120727539
2021-06-11,10.157215118408203
2021-06-14,10.167522430419922
2021-06-15,10.144766807556152
2021-06-16,10.139664649963379
2021-06-17,10.21878433227539
2021-06-18,10.274191856384277
2021-06-21,10.291996002197266
2021-06-22,10.241268157958984
2021-06-23,10.234150886535645
2021-06-24,10.202868461608887
2021-06-25,10.19464111328125
2021-06-28,10.15434455871582
2021-06-29,10.19948673248291
2021-06-30,10.227920532226562
2021-07-01,10.164042472839355
2021-07-02,10.167561531066895
2021-07-05,10.164830207824707
2021-07-06,10.18246078491211
2021-07-07,10.266267776489258
2021-07-08,10.308399200439453
2021-07-09,10.434995651245117
2021-07-12,10.38167667388916
2021-07-13,10.399046897888184
2021-07-14,10.386398315429688
2021-07-15,10.395013809204102
2021-07-16,10.385446548461914
2021-07-19,10.387848854064941
2021-07-20,10.499005317687988
2021-07-21,10.440688133239746
2021-07-22,10.418669700622559
2021-07-23,10.449783325195312
2021-07-26,10.41252326965332
2021-07-27,10.440864562988281
2021-07-28,10.512707710266113
2021-07-29,10.459641456604004
2021-07-30,10.438970565795898
2021-08-02,10.490513801574707
2021-08-03,10.51924991607666
2021-08-04,10.528826713562012
2021-08-05,10.444901466369629
2021-08-06,10.40244197845459
2021-08-09,10.383772850036621
2021-08-10,10.386482238769531
2021-08-11,10.420265197753906
2021-08-12,10.444570541381836
2021-08-13,10.525266647338867
2021-08-16,10.593681335449219
2021-08-17,10.65396785736084
2021-08-18,10.739715576171875
2021-08-19,10.64826488494873
2021-08-20,10.706822395324707
2021-08-23,10.690313339233398
2021-08-24,10.646347045898438
2021-08-25,10.5936279296875
2021-08-26,10.577387809753418
2021-08-27,10.627178192138672
2021-08-30,10.570807456970215
2021-08-31,10.607407569885254
2021-09-01,10.525254249572754
2021-09-02,10.493339538574219
2021-09-03,10.52415657043457
2021-09-06,10.51953125
2021-09-07,10.521552085876465
2021-09-08,10.527408599853516
2021-09-09,10.583026885986328
2021-09-10,10.649839401245117
2021-09-13,10.637739181518555
2021-09-14,10.662514686584473
2021-09-15,10.671272277832031
2021-09-16,10.653593063354492
2021-09-17,10.721240043640137
2021-09-20,10.739121437072754
2021-09-21,10.840954780578613
2021-09-22,10.837562561035156
2021-09-23,10.753303527832031
2021-09-24,10.647197723388672
2021-09-27,10.645914077758789
2021-09-28,10.608992576599121
2021-09-29,10.641276359558105
2021-09-30,10.606549263000488
2021-10-01,10.6300687789917
2021-10-04,10.63599681854248
2021-10-05,10.665128707885742
2021-10-06,10.64841079711914
2021-10-07,10.693894386291504
2021-10-08,10.667365074157715
2021-10-11,10.648579597473145
2021-10-12,10.545904159545898
2021-10-13,10.542778015136719
2021-10-14,10.466629028320312
2021-10-15,10.375592231750488
2021-10-18,10.3366117477417
2021-10-19,10.366630554199219
2021-10-20,10.263517379760742
2021-10-21,10.268741607666016
2021-10-22,10.334798812866211
2021-10-25,10.350579261779785
2021-10-26,10.257973670959473
2021-10-27,10.223369598388672
2021-10-28,10.30270767211914
2021-10-29,10.274797439575195
2021-11-01,10.264083862304688
2021-11-02,10.311927795410156
2021-11-03,10.337828636169434
2021-11-04,10.338561058044434
2021-11-05,10.407366752624512
2021-11-08,10.403218269348145
2021-11-09,10.594670295715332
2021-11-10,10.428106307983398
2021-11-11,10.395681381225586
2021-11-12,10.37378978729248
2021-11-15,10.33430004119873
2021-11-16,10.360416412353516
2021-11-17,10.304598808288574
2021-11-18,10.339539527893066
2021-11-19,10.350802421569824
2021-11-22,10.442864418029785
2021-11-23,10.361542701721191
2021-11-24,10.332566261291504
2021-11-25,10.292155265808105
2021-11-26,10.343487739562988
2021-11-29,10.495153427124023
2021-11-30,10.463214874267578
2021-12-01,10.43960952758789
2021-12-02,10.427421569824219
2021-12-03,10.411958694458008
2021-12-06,10.429798126220703
2021-12-07,10.404709815979004
2021-12-08,10.366259574890137
2021-12-09,10.31411361694336
2021-12-10,10.378254890441895
2021-12-13,10.38644027709961
2021-12-14,10.434101104736328
2021-12-15,10.411361694335938
2021-12-16,10.376639366149902
2021-12-17,10.435489654541016
2021-12-20,10.445494651794434
2021-12-21,10.47050952911377
2021-12-22,10.450148582458496
2021-12-23,10.407713890075684
2021-12-24,10.357149124145508
2021-12-27,10.36369800567627
2021-12-28,10.334325790405273
2021-12-29,10.349199295043945
2021-12-30,10.297172546386719
2021-12-31,10.3381929397583
2022-01-03,10.307657241821289
2022-01-04,10.358658790588379
2022-01-05,10.29898452758789
2022-01-06,10.326607704162598
2022-01-07,10.397955894470215
2022-01-10,10.340882301330566
2022-01-11,10.39286994934082
2022-01-12,10.312828063964844
2022-01-13,10.340954780578613
2022-01-14,10.399053573608398
2022-01-17,10.39468765258789
2022-01-18,10.3864164352417
2022-01-19,10.413037300109863
2022-01-20,10.390374183654785
2022-01-21,10.460371017456055
2022-01-24,10.463088035583496
2022-01-25,10.486957550048828
2022-01-26,10.50352954864502
2022-01-27,10.465377807617188
2022-01-28,10.433252334594727
2022-01-31,10.47781753540039
2022-02-01,10.468016624450684
2022-02-02,10.480627059936523
2022-02-03,10.490857124328613
2022-02-04,10.441239356994629
2022-02-07,10.382176399230957
2022-02-08,10.401330947875977
2022-02-09,10.354823112487793
2022-02-10,10.32951545715332
2022-02-11,10.335081100463867
2022-02-14,10.36271858215332
2022-02-15,10.363344192504883
2022-02-16,10.349530220031738
2022-02-17,10.362589836120605
2022-02-18,10.435198783874512
2022-02-21,10.381646156311035
2022-02-22,10.42364501953125
2022-02-23,10.362255096435547
2022-02-24,10.377449035644531
2022-02-25,10.435098648071289
2022-02-28,10.347432136535645
2022-03-01,10.435519218444824
2022-03-02,10.495532989501953
2022-03-03,10.415260314941406
2022-03-04,10.434439659118652
2022-03-07,10.576716423034668
2022-03-08,10.68082332611084
2022-03-09,10.654701232910156
2022-03-10,10.5537748336792
2022-03-11,10.575060844421387
2022-03-14,10.509552955627441
2022-03-15,10.506036758422852
2022-03-16,10.496515274047852
2022-03-17,10.287598609924316
2022-03-18,10.213582992553711
2022-03-21,10.150219917297363
2022-03-22,10.19874382019043
2022-03-23,10.010917663574219
2022-03-24,10.059974670410156
2022-03-25,9.951613426208496
2022-03-28,10.013249397277832
2022-03-29,9.895358085632324
2022-03-30,9.820425033569336
2022-03-31,9.919118881225586
2022-04-01,9.974621772766113
2022-04-04,9.940906524658203
2022-04-05,9.884154319763184
2022-04-06,9.855572700500488
2022-04-07,9.842612266540527
2022-04-08,9.852096557617188
2022-04-11,9.874106407165527
2022-04-12,9.843427658081055
2022-04-13,9.796197891235352
2022-04-14,9.750870704650879
2022-04-15,9.74869441986084
2022-04-18,9.698790550231934
2022-04-19,9.719205856323242
2022-04-20,9.586524963378906
2022-04-21,9.640274047851562
2022-04-22,9.67569637298584
2022-04-25,9.666610717773438
2022-04-26,9.77889633178711
2022-04-27,9.907231330871582
2022-04-28,9.861954689025879
2022-04-29,9.72639274597168
2022-05-02,9.710685729980469
2022-05-03,9.735243797302246
2022-05-04,9.690585136413574
2022-05-05,9.68458366394043
2022-05-06,9.734819412231445
2022-05-09,9.713221549987793
2022-05-10,9.777996063232422
2022-05-11,9.786569595336914
2022-05-12,9.842256546020508
2022-05-13,10.037638664245605
2022-05-16,9.870206832885742
2022-05-17,9.926704406738281
2022-05-18,9.784482955932617
2022-05-19,9.972013473510742
2022-05-20,9.884342193603516
2022-05-23,9.953368186950684
2022-05-24,9.846531867980957
2022-05-25,9.947187423706055
2022-05-26,9.961267471313477
2022-05-27,9.908891677856445
2022-05-30,9.832935333251953
2022-05-31,9.673713684082031
2022-06-01,9.6454439163208
2022-06-02,9.580279350280762
2022-06-03,9.551315307617188
2022-06-06,9.56424617767334
2022-06-07,9.48861312866211
2022-06-08,9.44461441040039
2022-06-09,9.347962379455566
2022-06-10,9.40372085571289
2022-06-13,9.481311798095703
2022-06-14,9.623529434204102
2022-06-15,9.531792640686035
2022-06-16,9.530506134033203
2022-06-17,9.727068901062012
2022-06-20,9.539719581604004
2022-06-21,9.567126274108887
2022-06-22,9.47559928894043
2022-06-23,9.539871215820312
2022-06-24,9.640254974365234
2022-06-27,9.538189888000488
2022-06-28,9.49164867401123
2022-06-29,9.496484756469727
2022-06-30,9.53173542022705
2022-07-01,9.483098983764648
2022-07-04,9.610617637634277
2022-07-05,9.53747272491455
2022-07-06,9.656296730041504
2022-07-07,9.596708297729492
2022-07-08,9.546246528625488
2022-07-11,9.491909980773926
2022-07-12,9.541194915771484
2022-07-13,9.550637245178223
2022-07-14,9.480131149291992
2022-07-15,9.471238136291504
2022-07-18,9.529324531555176
2022-07-19,9.54120922088623
2022-07-20,9.446352005004883
2022-07-21,9.487255096435547
2022-07-22,9.530598640441895
2022-07-25,9.60429573059082
2022-07-26,9.605066299438477
2022-07-27,9.570219993591309
2022-07-28,9.594672203063965
2022-07-29,9.639875411987305
2022-08-01,9.760645866394043
2022-08-02,9.931522369384766
2022-08-03,9.857495307922363
2022-08-04,9.754950523376465
2022-08-05,9.81705379486084
2022-08-08,9.646175384521484
2022-08-09,9.633684158325195
2022-08-10,9.67226791381836
2022-08-11,9.761035919189453
2022-08-12,9.826897621154785
2022-08-15,9.763266563415527
2022-08-16,9.86255931854248
2022-08-17,9.763471603393555
2022-08-18,9.743054389953613
2022-08-19,9.772859573364258
2022-08-22,9.741938591003418
2022-08-23,9.766304016113281
2022-08-24,9.793142318725586
2022-08-25,9.775882720947266
2022-08-26,9.771356582641602
2022-08-29,9.70698356628418
2022-08-30,9.708610534667969
2022-08-31,9.732186317443848
2022-09-01,9.635128021240234
2022-09-02,9.677441596984863
2022-09-05,9.691532135009766
2022-09-06,9.697221755981445
2022-09-07,9.629220962524414
2022-09-08,9.535045623779297
2022-09-09,9.618579864501953
2022-09-12,9.66981029510498
2022-09-13,9.648780822753906
2022-09-14,9.649535179138184
2022-09-15,9.734589576721191
2022-09-16,9.756367683410645
2022-09-19,9.703173637390137
2022-09-20,9.705336570739746
2022-09-21,9.696435928344727
2022-09-22,9.684060096740723
2022-09-23,9.861870765686035
2022-09-26,9.908255577087402
2022-09-27,9.896197319030762
2022-09-28,9.856191635131836
2022-09-29,9.847265243530273
2022-09-30,9.902406692504883
2022-10-03,9.936997413635254
2022-10-04,9.917695045471191
2022-10-05,9.849052429199219
2022-10-06,9.80721378326416
2022-10-07,9.709834098815918
2022-10-10,9.73305892944336
2022-10-11,9.804910659790039
2022-10-12,9.812679290771484
2022-10-13,9.70767879486084
2022-10-14,9.713760375976562
2022-10-17,9.693275451660156
2022-10-18,9.604598999023438
2022-10-19,9.549856185913086
2022-10-20,9.578099250793457
2022-10-21,9.523621559143066
2022-10-24,9.657745361328125
2022-10-25,9.69787311553955
2022-10-26,9.641647338867188
2022-10-27,9.66718578338623
2022-10-28,9.712310791015625
2022-10-31,9.61769962310791
2022-11-01,9.575433731079102
2022-11-02,9.575470924377441
2022-11-03,9.622562408447266
2022-11-04,9.593781471252441
2022-11-07,9.54862117767334
2022-11-08,9.497052192687988
2022-11-09,9.458175659179688
2022-11-10,9.375299453735352
2022-11-11,9.51966667175293
2022-11-14,9.402209281921387
2022-11-15,9.449748992919922
2022-11-16,9.474437713623047
2022-11-17,9.592658996582031
2022-11-18,9.565755844116211
2022-11-21,9.539131164550781
2022-11-22,9.569269180297852
2022-11-23,9.582401275634766
2022-11-24,9.597763061523438
2022-11-25,9.561441421508789
2022-11-28,9.57494068145752
2022-11-29,9.65900993347168
2022-11-30,9.55194091796875
2022-12-01,9.312411308288574
2022-12-02,9.642597198486328
2022-12-05,9.660693168640137
2022-12-06,9.543659210205078
2022-12-07,9.641188621520996
2022-12-08,9.635364532470703
2022-12-09,9.637626647949219
2022-12-12,9.523554801940918
2022-12-13,9.497185707092285
2022-12-14,9.507715225219727
2022-12-15,9.571785926818848
2022-12-16,9.561793327331543
2022-12-19,9.584360122680664
2022-12-20,9.499869346618652
2022-12-21,9.732287406921387
2022-12-22,9.675315856933594
2022-12-23,9.747289657592773
2022-12-26,9.635371208190918
2022-12-27,9.604232788085938
2022-12-28,9.530973434448242
2022-12-29,9.507437705993652
2022-12-30,9.479631423950195
2023-01-02,9.628941535949707
2023-01-03,9.70783519744873
2023-01-04,9.74466609954834
2023-01-05,9.610681533813477
2023-01-06,9.557162284851074
2023-01-09,9.502781867980957
2023-01-10,9.407513618469238
2023-01-11,9.388323783874512
2023-01-12,9.414048194885254
2023-01-13,9.592682838439941
2023-01-16,9.663086891174316
2023-01-17,9.669323921203613
2023-01-18,9.64338207244873
2023-01-19,9.62967300415039
2023-01-20,9.598285675048828
2023-01-23,9.5089111328125
2023-01-24,9.405962944030762
2023-01-25,9.46607780456543
2023-01-26,9.53718090057373
2023-01-27,9.488323211669922
2023-01-30,9.466683387756348
2023-01-31,9.437504768371582
2023-02-01,9.469408988952637
2023-02-02,9.499505996704102
2023-02-03,9.513749122619629
2023-02-06,9.436796188354492
2023-02-07,9.510821342468262
2023-02-08,9.579461097717285
2023-02-09,9.593823432922363
2023-02-10,9.614302635192871
2023-02-13,9.63501262664795
2023-02-14,9.618708610534668
2023-02-15,9.565969467163086
2023-02-16,9.586366653442383
2023-02-17,9.612587928771973
2023-02-20,9.633508682250977
2023-02-21,9.648700714111328
2023-02-22,9.675107955932617
2023-02-23,9.655491828918457
2023-02-24,9.6425142288208
2023-02-27,9.62537956237793
2023-02-28,9.666666984558105
2023-03-01,9.69320011138916
2023-03-02,9.585273742675781
2023-03-03,9.591203689575195
2023-03-06,9.518237113952637
2023-03-07,9.55048656463623
2023-03-08,9.59152889251709
2023-03-09,9.59148120880127
2023-03-10,9.718820571899414
2023-03-13,9.77971076965332
2023-03-14,9.735651969909668
2023-03-15,9.706046104431152
2023-03-16,9.868754386901855
2023-03-17,9.758880615234375
2023-03-20,9.8781099319458
2023-03-21,9.930974960327148
2023-03-22,9.848953247070312
2023-03-23,9.895386695861816
2023-03-24,9.829813003540039
2023-03-27,9.89564323425293
2023-03-28,9.888866424560547
2023-03-29,9.896984100341797
2023-03-30,9.858138084411621
2023-03-31,9.731876373291016
2023-04-03,9.790390014648438
2023-04-04,9.885804176330566
2023-04-05,9.980531692504883
2023-04-06,10.05427360534668
2023-04-07,10.007288932800293
2023-04-10,9.957910537719727
2023-04-11,9.896307945251465
2023-04-12,9.891462326049805
2023-04-13,9.93970012664795
2023-04-14,9.823077201843262
2023-04-17,9.728604316711426
2023-04-18,9.789965629577637
2023-04-19,9.82129192352295
2023-04-20,9.849374771118164
2023-04-21,9.877943992614746
2023-04-24,9.923152923583984
2023-04-25,9.939556121826172
2023-04-26,10.02479362487793
2023-04-27,10.023863792419434
2023-04-28,10.010051727294922
2023-05-01,9.804341316223145
2023-05-02,9.763117790222168
2023-05-03,9.836221694946289
2023-05-04,9.924151420593262
2023-05-05,9.842277526855469
2023-05-08,9.740504264831543
2023-05-09,9.790226936340332
2023-05-10,9.801682472229004
2023-05-11,9.829774856567383
2023-05-12,9.88736343383789
2023-05-15,9.877189636230469
2023-05-16,9.815652847290039
2023-05-17,9.83962631225586
2023-05-18,9.694765090942383
2023-05-19,9.628421783447266
2023-05-22,9.61572265625
2023-05-23,9.474370956420898
2023-05-24,9.523101806640625
2023-05-25,9.466039657592773
2023-05-26,9.504796028137207
2023-05-29,9.38839054107666
2023-05-30,9.431379318237305
2023-05-31,9.441131591796875
2023-06-01,9.499489784240723
2023-06-02,9.462425231933594
2023-06-05,9.308797836303711
2023-06-06,9.325011253356934
2023-06-07,9.31129264831543
2023-06-08,9.352232933044434
2023-06-09,9.335214614868164
2023-06-12,9.232850074768066
2023-06-13,9.211033821105957
2023-06-14,9.042285919189453
2023-06-15,9.101163864135742
2023-06-16,9.054452896118164
2023-06-19,8.996208190917969
2023-06-20,9.043301582336426
2023-06-21,9.110007286071777
2023-06-22,9.093301773071289
2023-06-23,9.075820922851562
2023-06-26,9.110143661499023
2023-06-27,9.084294319152832
2023-06-28,9.011425971984863
2023-06-29,9.06563663482666
2023-06-30,9.137918472290039
2023-07-03,9.10847282409668
2023-07-04,9.033472061157227
2023-07-05,8.971296310424805
2023-07-06,9.018893241882324
2023-07-07,9.094964027404785
2023-07-10,9.123141288757324
2023-07-11,9.19676685333252
2023-07-12,9.217828750610352
2023-07-13,9.215153694152832
2023-07-14,9.175007820129395
2023-07-17,9.145210266113281
2023-07-18,9.121543884277344
2023-07-19,9.098094940185547
2023-07-20,9.065962791442871
2023-07-21,9.140046119689941
2023-07-24,9.070160865783691
2023-07-25,9.048723220825195
2023-07-26,9.037152290344238
2023-07-27,9.084283828735352
2023-07-28,9.245626449584961
2023-07-31,9.039044380187988
2023-08-01,8.978894233703613
2023-08-02,9.017046928405762
2023-08-03,9.052186965942383
2023-08-04,9.091036796569824
2023-08-07,9.18429946899414
2023-08-08,9.176162719726562
2023-08-09,9.189809799194336
2023-08-10,9.140368461608887
2023-08-11,9.100372314453125
2023-08-14,9.180296897888184
2023-08-15,9.177128791809082
2023-08-16,9.195084571838379
2023-08-17,9.180234909057617
2023-08-18,9.18984603881836
2023-08-21,9.21506404876709
2023-08-22,9.164504051208496
2023-08-23,9.190423965454102
2023-08-24,9.199867248535156
2023-08-25,9.08217716217041
2023-08-28,9.032691955566406
2023-08-29,9.028641700744629
2023-08-30,9.049229621887207
2023-08-31,9.054017066955566
2023-09-01,9.105712890625
2023-09-04,9.019929885864258
2023-09-05,8.993330001831055
2023-09-06,9.026688575744629
2023-09-07,9.027462005615234
2023-09-08,9.072808265686035
2023-09-11,9.07763385772705
2023-09-12,9.002028465270996
2023-09-13,8.994882583618164
2023-09-14,8.995808601379395
2023-09-15,9.00285530090332
2023-09-18,8.983611106872559
2023-09-19,9.008200645446777
2023-09-20,8.991955757141113
2023-09-21,8.990738868713379
2023-09-22,9.080005645751953
2023-09-25,8.991605758666992
2023-09-26,8.994203567504883
2023-09-27,9.082247734069824
2023-09-28,9.03472900390625
2023-09-29,9.021788597106934
2023-10-02,9.040294647216797
2023-10-03,9.036547660827637
2023-10-04,9.11026668548584
2023-10-05,9.070075035095215
2023-10-06,9.063570022583008
2023-10-09,9.005171775817871
2023-10-10,9.080239295959473
2023-10-11,9.028149604797363
2023-10-12,8.96329116821289
2023-10-13,9.001626014709473
2023-10-16,9.039230346679688
2023-10-17,9.010294914245605
2023-10-18,9.034026145935059
2023-10-19,9.043554306030273
2023-10-20,9.053936958312988
2023-10-23,9.002291679382324
2023-10-24,8.965298652648926
2023-10-25,8.96608829498291
2023-10-26,9.012639045715332
2023-10-27,8.98083209991455
2023-10-30,9.051033020019531
2023-10-31,9.040654182434082
2023-11-01,8.922842979431152
2023-11-02,8.947649955749512
2023-11-03,8.861720085144043
2023-11-06,8.752847671508789
2023-11-07,8.647948265075684
2023-11-08,8.67398452758789
2023-11-09,8.67056941986084
2023-11-10,8.695821762084961
2023-11-13,8.696070671081543
2023-11-14,8.698062896728516
2023-11-15,8.667025566101074
2023-11-16,8.60961627960205
2023-11-17,8.575855255126953
2023-11-20,8.640727996826172
2023-11-21,8.682538032531738
2023-11-22,8.742423057556152
2023-11-23,8.671194076538086
2023-11-24,8.688894271850586
2023-11-27,8.622830390930176
2023-11-28,8.774614334106445
2023-11-29,8.755728721618652
2023-11-30,8.763460159301758
2023-12-01,8.76109790802002
2023-12-04,8.837691307067871
2023-12-05,8.88882064819336
2023-12-06,8.923866271972656
2023-12-07,8.927396774291992
2023-12-08,9.098665237426758
2023-12-11,9.080318450927734
2023-12-12,8.992100715637207
2023-12-13,9.017786026000977
2023-12-14,9.048670768737793
2023-12-15,9.080347061157227
2023-12-18,8.968729972839355
2023-12-19,9.128539085388184
2023-12-20,9.019174575805664
2023-12-21,9.037904739379883
2023-12-22,9.101097106933594
2023-12-25,9.107476234436035
2023-12-26,9.101154327392578
2023-12-27,9.0823392868042
2023-12-28,9.15710735321045
2023-12-29,9.0348539352417
2024-01-01,9.174972534179688
2024-01-02,9.18120002746582
2024-01-03,9.198518753051758
2024-01-04,9.161487579345703
2024-01-05,9.057201385498047
2024-01-08,9.075508117675781
2024-01-09,9.095320701599121
2024-01-10,9.136444091796875
2024-01-11,9.03976058959961
2024-01-12,9.044090270996094
2024-01-15,9.04019832611084
2024-01-16,9.051726341247559
2024-01-17,9.085253715515137
2024-01-18,9.075331687927246
2024-01-19,9.029213905334473
2024-01-22,9.0081787109375
2024-01-23,9.038865089416504
2024-01-24,9.016639709472656
2024-01-25,9.01009464263916
2024-01-26,9.040236473083496
2024-01-29,9.022266387939453
2024-01-30,9.040212631225586
2024-01-31,9.000929832458496
2024-02-01,9.076007843017578
2024-02-02,9.074149131774902
2024-02-05,9.011076927185059
2024-02-06,8.97017765045166
2024-02-07,8.97550106048584
2024-02-08,8.964954376220703
2024-02-09,8.920175552368164
2024-02-12,8.919502258300781
2024-02-13,8.893819808959961
2024-02-14,8.895722389221191
2024-02-15,8.808027267456055
2024-02-16,8.854312896728516
2024-02-19,8.871581077575684
2024-02-20,8.872843742370605
2024-02-21,8.89552116394043
2024-02-22,8.864819526672363
2024-02-23,8.819254875183105
2024-02-26,8.836644172668457
2024-02-27,8.846186637878418
2024-02-28,8.849337577819824
2024-02-29,8.851492881774902
2024-03-01,8.896262168884277
2024-03-04,8.866238594055176
2024-03-05,8.837545394897461
2024-03-06,8.88877010345459
2024-03-07,8.890355110168457
2024-03-08,8.93443775177002
2024-03-11,8.96776294708252
2024-03-12,8.929730415344238
2024-03-13,8.880633354187012
2024-03-14,8.898740768432617
2024-03-15,8.911230087280273
2024-03-18,8.925873756408691
2024-03-19,8.956857681274414
2024-03-20,8.852384567260742
2024-03-21,8.823253631591797
2024-03-22,8.801983833312988
2024-03-25,8.879761695861816
2024-03-26,8.846908569335938
2024-03-27,8.863386154174805
2024-03-28,8.921760559082031
2024-03-29,8.912630081176758
2024-04-01,8.886093139648438
2024-04-02,8.942317008972168
2024-04-03,8.912819862365723
2024-04-04,8.872770309448242
2024-04-05,8.932367324829102
2024-04-08,8.901215553283691
2024-04-09,8.918437004089355
2024-04-10,8.89284896850586
2024-04-11,8.916028022766113
2024-04-12,8.929421424865723
2024-04-15,8.999383926391602
2024-04-16,9.000383377075195
2024-04-17,8.989912986755371
2024-04-18,8.938028335571289
2024-04-19,8.921629905700684
2024-04-22,8.885045051574707
2024-04-23,8.906688690185547
2024-04-24,8.855804443359375
2024-04-25,8.868144035339355
2024-04-26,8.816458702087402
2024-04-29,8.702898025512695
2024-04-30,8.794515609741211
2024-05-01,8.784050941467285
2024-05-02,8.830432891845703
2024-05-03,8.919012069702148
2024-05-06,8.824381828308105
2024-05-07,8.767885208129883
2024-05-08,8.773529052734375
2024-05-09,8.764148712158203
2024-05-10,8.786979675292969
2024-05-13,8.792901992797852
2024-05-14,8.728815078735352
2024-05-15,8.70644474029541
2024-05-16,8.773175239562988
2024-05-17,8.662639617919922
2024-05-20,8.689501762390137
2024-05-21,8.697954177856445
2024-05-22,8.726250648498535
2024-05-23,8.713749885559082
2024-05-24,8.71261978149414
2024-05-27,8.706110000610352
2024-05-28,8.6765775680542
2024-05-29,8.665236473083496
2024-05-30,8.69643783569336
2024-05-31,8.764226913452148
2024-06-03,8.792712211608887
2024-06-04,8.782526969909668
2024-06-05,8.856196403503418
2024-06-06,8.777321815490723
2024-06-07,8.769760131835938
2024-06-10,8.792886734008789
2024-06-11,8.74882984161377
2024-06-12,8.767129898071289
2024-06-13,8.739720344543457
2024-06-14,8.742669105529785
2024-06-17,8.775545120239258
2024-06-18,8.744911193847656
2024-06-19,8.74290943145752
2024-06-20,8.743448257446289
2024-06-21,8.757329940795898
2024-06-24,8.684385299682617
2024-06-25,8.68204402923584
2024-06-26,8.710838317871094
2024-06-27,8.675333023071289
2024-06-28,8.631349563598633
2024-07-01,8.578397750854492
2024-07-02,8.553985595703125
2024-07-03,8.565909385681152
2024-07-04,8.578728675842285
2024-07-05,8.553854942321777
2024-07-08,8.569364547729492
2024-07-09,8.596358299255371
2024-07-10,8.570161819458008
2024-07-11,8.557629585266113
2024-07-12,8.67025375366211
2024-07-15,8.679485321044922
2024-07-16,8.749446868896484
2024-07-17,8.731158256530762
2024-07-18,8.855778694152832
2024-07-19,8.815296173095703
2024-07-22,8.822265625
2024-07-23,8.839929580688477
2024-07-24,8.889494895935059
2024-07-25,8.98542308807373
2024-07-26,8.99776840209961
2024-07-29,8.966052055358887
2024-07-30,8.975229263305664
2024-07-31,9.06467056274414
2024-08-01,9.134660720825195
2024-08-02,9.174325942993164
2024-08-05,9.324776649475098
2024-08-06,9.380441665649414
2024-08-07,9.438541412353516
2024-08-08,9.414233207702637
2024-08-09,9.304606437683105
2024-08-12,9.27353286743164
2024-08-13,9.31688404083252
2024-08-14,9.269993782043457
2024-08-15,9.205140113830566
2024-08-16,9.138501167297363
2024-08-19,9.117748260498047
2024-08-20,9.072275161743164
2024-08-21,9.13659954071045
2024-08-22,9.189669609069824
2024-08-23,9.162788391113281
2024-08-26,9.195878028869629
2024-08-27,9.181154251098633
2024-08-28,9.211984634399414
2024-08-29,9.253844261169434
2024-08-30,9.198555946350098
2024-09-02,9.129582405090332
2024-09-03,9.11594009399414
2024-09-04,9.221068382263184
2024-09-05,9.309722900390625
2024-09-06,9.29176139831543
2024-09-09,9.390067100524902
2024-09-10,9.370678901672363
2024-09-11,9.442877769470215
2024-09-12,9.388957977294922
2024-09-13,9.43853759765625
2024-09-16,9.443246841430664
2024-09-17,9.368578910827637
2024-09-18,9.314505577087402
2024-09-19,9.266986846923828
2024-09-20,9.291587829589844
2024-09-23,9.245340347290039
2024-09-24,9.285785675048828
2024-09-25,9.266908645629883
2024-09-26,9.221789360046387
2024-09-27,9.051935195922852
2024-09-30,9.168414115905762
2024-10-01,9.1535062789917
2024-10-02,9.216694831848145
2024-10-03,9.032353401184082
2024-10-04,9.087448120117188
2024-10-07,9.041945457458496
2024-10-08,9.063064575195312
2024-10-09,9.053210258483887
2024-10-10,9.003525733947754
2024-10-11,9.075986862182617
2024-10-14,9.02792739868164
2024-10-15,9.0675687789917
2024-10-16,9.143950462341309
2024-10-17,9.120264053344727
2024-10-18,9.126243591308594
2024-10-21,9.150769233703613
2024-10-22,9.138771057128906
2024-10-23,9.108160018920898
2024-10-24,9.015243530273438
2024-10-25,9.074894905090332
2024-10-28,9.071908950805664
2024-10-29,9.021810531616211
2024-10-30,9.02379035949707
2024-10-31,8.993828773498535
2024-11-01,9.03707218170166
2024-11-04,9.056801795959473
2024-11-05,9.031940460205078
2024-11-06,9.099252700805664
2024-11-07,9.070850372314453
2024-11-08,8.957071304321289
2024-11-11,9.138051986694336
2024-11-12,9.124520301818848
2024-11-13,9.095641136169434
2024-11-14,8.999563217163086
2024-11-15,8.9700345993042
2024-11-18,9.017602920532227
2024-11-19,8.986721992492676
2024-11-20,8.997640609741211
2024-11-21,8.999833106994629
2024-11-22,9.078289985656738
2024-11-25,9.103894233703613
2024-11-26,9.040708541870117
2024-11-27,9.118816375732422
2024-11-28,9.190971374511719
2024-11-29,9.215861320495605
2024-12-02,9.304523468017578
2024-12-03,9.367128372192383
2024-12-04,9.454005241394043
2024-12-05,9.368701934814453
2024-12-06,9.406595230102539
2024-12-09,9.49869441986084
2024-12-10,9.421414375305176
2024-12-11,9.444289207458496
2024-12-12,9.37878704071045
2024-12-13,9.364242553710938
2024-12-16,9.346311569213867
2024-12-17,9.287785530090332
2024-12-18,9.340374946594238
2024-12-19,9.381312370300293
2024-12-20,9.116942405700684
2024-12-23,9.23132038116455
2024-12-24,9.178648948669434
2024-12-25,9.251875877380371
2024-12-26,9.273921012878418
2024-12-27,9.292139053344727
2024-12-30,9.32851505279541
2024-12-31,9.3573579788208
2025-01-02,9.327871322631836
2025-01-03,9.3516263961792
2025-01-06,9.316912651062012
2025-01-07,9.265009880065918
2025-01-08,9.161236763000488
2025-01-09,9.214362144470215
2025-01-10,9.222174644470215
2025-01-13,9.332548141479492
2025-01-14,9.289105415344238
2025-01-15,9.00765609741211
2025-01-16,9.243947982788086
2025-01-17,9.35483169555664
2025-01-20,9.322517395019531
2025-01-21,9.247373580932617
2025-01-22,9.207915306091309
2025-01-23,9.168807983398438
2025-01-24,9.181970596313477
2025-01-27,9.164810180664062
2025-01-28,9.263148307800293
2025-01-29,9.279236793518066
2025-01-30,9.298516273498535
2025-01-31,9.345649719238281
2025-02-03,9.373323440551758
2025-02-04,9.398369789123535
2025-02-05,9.409852981567383
2025-02-06,9.461430549621582
2025-02-07,9.537429809570312
2025-02-10,9.577994346618652
2025-02-11,9.573504447937012
2025-02-12,9.497762680053711
2025-02-13,9.414068222045898
2025-02-14,9.405136108398438
2025-02-17,9.466383934020996
2025-02-18,9.51657485961914
2025-02-19,9.47447395324707
2025-02-20,9.521661758422852
2025-02-21,9.58149242401123
2025-02-24,9.586226463317871
2025-02-25,9.534153938293457
2025-02-26,9.58990478515625
2025-02-27,9.636422157287598
2025-02-28,9.664251327514648
2025-03-03,9.682008743286133
2025-03-04,9.762946128845215
2025-03-05,9.698469161987305
2025-03-06,9.691659927368164
2025-03-07,9.770545959472656
2025-03-10,9.809633255004883
2025-03-11,9.908533096313477
2025-03-12,9.802202224731445
2025-03-13,9.769906044006348
2025-03-14,9.813323020935059
2025-03-17,9.750295639038086
2025-03-18,9.650100708007812
2025-03-19,9.689916610717773
2025-03-20,9.809208869934082
2025-03-21,9.858076095581055
2025-03-24,9.786090850830078
2025-03-25,9.718738555908203
2025-03-26,9.749671936035156
2025-03-27,9.740452766418457
2025-03-28,9.690631866455078
2025-03-31,9.820781707763672
2025-04-01,9.812463760375977
2025-04-02,9.814391136169434
2025-04-03,9.91347885131836
2025-04-04,9.920740127563477
2025-04-07,10.029224395751953
2025-04-08,9.945365905761719
2025-04-09,10.192866325378418
2025-04-10,9.817861557006836
2025-04-11,10.099847793579102
2025-04-14,9.873575210571289
2025-04-15,9.908310890197754
2025-04-16,9.96786880493164
2025-04-17,9.959617614746094
2025-04-22,10.091176986694336
2025-04-23,10.014925003051758
2025-04-24,9.961869239807129
2025-04-25,10.008467674255371
2025-04-28,9.99221420288086
2025-04-29,10.098176956176758
2025-04-30,10.05748462677002
2025-05-01,9.954448699951172
2025-05-02,9.866891860961914
2025-05-05,9.670661926269531
2025-05-06,9.567489624023438
2025-05-07,9.613174438476562
2025-05-08,9.705422401428223
2025-05-09,9.612447738647461
2025-05-12,9.568902969360352
2025-05-13,9.547191619873047
2025-05-14,9.598441123962402
2025-05-15,9.598126411437988
2025-05-16,9.596236228942871
2025-05-19,9.620613098144531
2025-05-20,9.577266693115234
2025-05-21,9.648819923400879
2025-05-22,9.556090354919434
2025-05-23,9.603208541870117
2025-05-26,9.55295181274414
2025-05-27,9.591010093688965
2025-05-28,9.534839630126953
2025-05-29,9.42568302154541
2025-05-30,9.529376029968262
2025-06-02,9.608296394348145
2025-06-03,9.659444808959961
2025-06-04,9.577277183532715
2025-06-05,9.536049842834473
2025-06-06,9.43661117553711
2025-06-09,9.393256187438965
2025-06-10,9.365899085998535
2025-06-11,9.41358757019043
2025-06-12,9.471000671386719
2025-06-13,9.42570972442627
2025-06-16,9.473191261291504
2025-06-17,9.381403923034668
2025-06-18,9.495902061462402
2025-06-19,9.456937789916992
2025-06-20,9.436283111572266
2025-06-23,9.36530590057373
2025-06-24,9.341917991638184
2025-06-25,9.338088035583496
2025-06-26,9.365188598632812
2025-06-27,9.346783638000488
2025-06-30,9.434290885925293
2025-07-01,9.37728214263916
2025-07-02,9.452943801879883
2025-07-03,9.439088821411133
2025-07-04,9.378779411315918
2025-07-07,9.427021980285645
2025-07-08,9.420955657958984
2025-07-09,9.32429027557373
2025-07-10,9.396387100219727
2025-07-11,9.382685661315918
2025-07-14,9.356402397155762
2025-07-15,9.350826263427734
2025-07-16,9.321110725402832
2025-07-17,9.355607986450195
2025-07-18,9.3746337890625
2025-07-21,9.368207931518555
2025-07-22,9.37386417388916
2025-07-23,9.391530990600586
2025-07-24,9.384936332702637
2025-07-25,9.332634925842285
2025-07-28,9.354168891906738
2025-07-29,9.34821891784668
2025-07-30,9.355932235717773
2025-07-31,9.325353622436523
2025-08-01,9.222600936889648
2025-08-04,9.434320449829102
2025-08-05,9.425064086914062
2025-08-06,9.397994041442871
2025-08-07,9.405557632446289
2025-08-08,9.432344436645508
2025-08-11,9.398431777954102
2025-08-12,9.382485389709473
2025-08-13,9.35924243927002
2025-08-14,9.37021255493164
2025-08-15,9.396674156188965
2025-08-18,9.424601554870605
2025-08-19,9.37582778930664
2025-08-20,9.417586326599121
2025-08-21,9.480506896972656
2025-08-22,9.431652069091797
2025-08-25,9.391571044921875
2025-08-26,9.395057678222656
2025-08-27,9.452912330627441
2025-08-28,9.453493118286133
2025-08-29,9.429815292358398
2025-09-01,9.442366600036621
