날짜,EUR_KRW_환율
2015-09-07,1338.27001953125
2015-09-08,1341.800048828125
2015-09-09,1337.5799560546875
2015-09-10,1336.3699951171875
2015-09-11,1333.300048828125
2015-09-14,1339.25
2015-09-15,1335.6600341796875
2015-09-16,1327.31005859375
2015-09-17,1320.780029296875
2015-09-18,1328.3499755859375
2015-09-21,1324.4599609375
2015-09-22,1317.0999755859375
2015-09-23,1315.9300537109375
2015-09-24,1334.75
2015-09-25,1329.9100341796875
2015-09-28,1334.5
2015-09-29,1341.219970703125
2015-09-30,1344.780029296875
2015-10-01,1323.02001953125
2015-10-02,1317.969970703125
2015-10-05,1313.4300537109375
2015-10-06,1298.530029296875
2015-10-07,1306.9599609375
2015-10-08,1300.8199462890625
2015-10-09,1299.6600341796875
2015-10-12,1302.4200439453125
2015-10-13,1297.75
2015-10-14,1307.6199951171875
2015-10-15,1303.6700439453125
2015-10-16,1275.4000244140625
2015-10-19,1282.8499755859375
2015-10-20,1281.18994140625
2015-10-21,1283.06005859375
2015-10-22,1292.0999755859375
2015-10-23,1251.510009765625
2015-10-26,1250.31005859375
2015-10-27,1249.510009765625
2015-10-28,1251.9300537109375
2015-10-29,1250.010009765625
2015-10-30,1253.800048828125
2015-11-02,1254.75
2015-11-03,1252.800048828125
2015-11-04,1236.75
2015-11-05,1231.5699462890625
2015-11-06,1237.2099609375
2015-11-09,1236.6400146484375
2015-11-10,1245.760009765625
2015-11-11,1242.68994140625
2015-11-12,1242.5699462890625
2015-11-13,1251.949951171875
2015-11-16,1260.06005859375
2015-11-17,1247.8499755859375
2015-11-18,1244.199951171875
2015-11-19,1243.1700439453125
2015-11-20,1237.97998046875
2015-11-23,1203.550048828125
2015-11-24,1231.56005859375
2015-11-25,1219.25
2015-11-26,1214.8699951171875
2015-11-27,1216.68994140625
2015-11-30,1223.699951171875
2015-12-01,1225.010009765625
2015-12-02,1226.8800048828125
2015-12-03,1232.25
2015-12-04,1258.72998046875
2015-12-07,1265.3599853515625
2015-12-08,1272.6700439453125
2015-12-09,1284.3399658203125
2015-12-10,1300.4000244140625
2015-12-11,1289.1199951171875
2015-12-14,1267.876953125
2015-12-15,1301.8900146484375
2015-12-16,1283.0799560546875
2015-12-17,1272.75
2015-12-18,1283.1600341796875
2015-12-21,1283.449951171875
2015-12-22,1281.3699951171875
2015-12-23,1280.75
2015-12-24,1279.0400390625
2015-12-25,1248.7708740234375
2015-12-28,1248.7708740234375
2015-12-29,1280.5899658203125
2015-12-30,1278.25
2015-12-31,1285.6199951171875
2016-01-01,1251.4864501953125
2016-01-04,1251.4864501953125
2016-01-05,1286.4200439453125
2016-01-06,1278.760009765625
2016-01-07,1292.4200439453125
2016-01-08,1306.6500244140625
2016-01-11,1275.112060546875
2016-01-12,1306.7900390625
2016-01-13,1310.9599609375
2016-01-14,1318.1500244140625
2016-01-15,1310.5
2016-01-18,1294.7113037109375
2016-01-19,1317.77001953125
2016-01-20,1315.72998046875
2016-01-21,1313.6199951171875
2016-01-22,1306.31005859375
2016-01-25,1291.760009765625
2016-01-26,1299.5699462890625
2016-01-27,1300.7900390625
2016-01-28,1316.5699462890625
2016-01-29,1318.7900390625
2016-02-01,1275.489990234375
2016-02-02,1309.6700439453125
2016-02-03,1323.52001953125
2016-02-04,1331.0999755859375
2016-02-05,1334.6700439453125
2016-02-08,1344.4200439453125
2016-02-09,1346.2900390625
2016-02-10,1352.43994140625
2016-02-11,1340.7900390625
2016-02-12,1355.6700439453125
2016-02-15,1328.6800537109375
2016-02-16,1354.5400390625
2016-02-17,1355.800048828125
2016-02-18,1361.9200439453125
2016-02-19,1363.8699951171875
2016-02-22,1372.3499755859375
2016-02-23,1346.8599853515625
2016-02-24,1356.780029296875
2016-02-25,1356.8599853515625
2016-02-26,1359.18994140625
2016-02-29,1330.053466796875
2016-03-01,1346.3399658203125
2016-03-02,1332.97998046875
2016-03-03,1331.43994140625
2016-03-04,1325.4300537109375
2016-03-07,1289.52099609375
2016-03-08,1320.75
2016-03-09,1330.22998046875
2016-03-10,1327.6700439453125
2016-03-11,1346.6300048828125
2016-03-14,1289.510009765625
2016-03-15,1316.8399658203125
2016-03-16,1324.5799560546875
2016-03-17,1319.72998046875
2016-03-18,1305.27001953125
2016-03-21,1310.550048828125
2016-03-22,1303.3900146484375
2016-03-23,1296.6600341796875
2016-03-24,1304.5400390625
2016-03-25,1304.1300048828125
2016-03-28,1304.1300048828125
2016-03-29,1304.1300048828125
2016-03-30,1305.800048828125
2016-03-31,1293.219970703125
2016-04-01,1298.93994140625
2016-04-04,1305.949951171875
2016-04-05,1308.6099853515625
2016-04-06,1319.1500244140625
2016-04-07,1315.469970703125
2016-04-08,1315.18994140625
2016-04-11,1311.780029296875
2016-04-12,1302.4300537109375
2016-04-13,1298.43994140625
2016-04-14,1290.260009765625
2016-04-15,1298.0799560546875
2016-04-18,1292.8800048828125
2016-04-19,1291.6600341796875
2016-04-20,1279.3399658203125
2016-04-21,1278.22998046875
2016-04-22,1285.8399658203125
2016-04-25,1289.489990234375
2016-04-26,1294.9599609375
2016-04-27,1293.68994140625
2016-04-28,1299.1199951171875
2016-04-29,1288.4200439453125
2016-05-02,1309.6700439453125
2016-05-03,1309.239990234375
2016-05-04,1323.0999755859375
2016-05-05,1339.3199462890625
2016-05-06,1328.8299560546875
2016-05-09,1332.3199462890625
2016-05-10,1336.3499755859375
2016-05-11,1330.5400390625
2016-05-12,1329.3900146484375
2016-05-13,1328.449951171875
2016-05-16,1329.0400390625
2016-05-17,1331.719970703125
2016-05-18,1328.3299560546875
2016-05-19,1332.0899658203125
2016-05-20,1329.239990234375
2016-05-23,1334.8399658203125
2016-05-24,1325.9100341796875
2016-05-25,1320.9599609375
2016-05-26,1315.5
2016-05-27,1318.9200439453125
2016-05-30,1317.489990234375
2016-05-31,1336.4000244140625
2016-06-01,1323.3900146484375
2016-06-02,1332.3800048828125
2016-06-03,1321.1600341796875
2016-06-06,1321.5699462890625
2016-06-07,1316.489990234375
2016-06-08,1311.6500244140625
2016-06-09,1312.52001953125
2016-06-10,1308.8199462890625
2016-06-13,1316.9300537109375
2016-06-14,1321.6700439453125
2016-06-15,1316.050048828125
2016-06-16,1314.739990234375
2016-06-17,1316.9599609375
2016-06-20,1318.3699951171875
2016-06-21,1313.1400146484375
2016-06-22,1296.300048828125
2016-06-23,1303.5400390625
2016-06-24,1293.27001953125
2016-06-27,1301.9100341796875
2016-06-28,1297.8800048828125
2016-06-29,1291.260009765625
2016-06-30,1282.4300537109375
2016-07-01,1279.3399658203125
2016-07-04,1279.1400146484375
2016-07-05,1283.8399658203125
2016-07-06,1278.760009765625
2016-07-07,1282.699951171875
2016-07-08,1279.3199462890625
2016-07-11,1269.300048828125
2016-07-12,1270.18994140625
2016-07-13,1263.1700439453125
2016-07-14,1268.4300537109375
2016-07-15,1254.3499755859375
2016-07-18,1254.77001953125
2016-07-19,1254.93994140625
2016-07-20,1255.4100341796875
2016-07-21,1257.800048828125
2016-07-22,1253.8199462890625
2016-07-25,1245.8699951171875
2016-07-26,1255.6500244140625
2016-07-27,1246.8800048828125
2016-07-28,1250.6300048828125
2016-07-29,1245.7099609375
2016-08-01,1212.14501953125
2016-08-02,1235.02001953125
2016-08-03,1248.1199951171875
2016-08-04,1242.06005859375
2016-08-05,1236.0899658203125
2016-08-08,1235.31005859375
2016-08-09,1225.1099853515625
2016-08-10,1223.199951171875
2016-08-11,1224.3199462890625
2016-08-12,1221.22998046875
2016-08-15,1230.3499755859375
2016-08-16,1226.489990234375
2016-08-17,1233.219970703125
2016-08-18,1248.780029296875
2016-08-19,1255.4300537109375
2016-08-22,1261.81005859375
2016-08-23,1270.0699462890625
2016-08-24,1264.6500244140625
2016-08-25,1260.719970703125
2016-08-26,1257.219970703125
2016-08-29,1255.530029296875
2016-08-30,1251.0799560546875
2016-08-31,1246.4599609375
2016-09-01,1243.010009765625
2016-09-02,1250.1400146484375
2016-09-05,1243.8499755859375
2016-09-06,1229.6600341796875
2016-09-07,1231.18994140625
2016-09-08,1223.4000244140625
2016-09-09,1236.010009765625
2016-09-12,1210.949462890625
2016-09-13,1244.52001953125
2016-09-14,1263.219970703125
2016-09-15,1265.780029296875
2016-09-16,1263.2099609375
2016-09-19,1231.3199462890625
2016-09-20,1249.8800048828125
2016-09-21,1244.27001953125
2016-09-22,1235.469970703125
2016-09-23,1234.81005859375
2016-09-26,1237.8800048828125
2016-09-27,1245.3599853515625
2016-09-28,1228.93994140625
2016-09-29,1224.239990234375
2016-09-30,1235.3699951171875
2016-10-03,1237.4300537109375
2016-10-04,1236.1199951171875
2016-10-05,1249.8800048828125
2016-10-06,1247.02001953125
2016-10-07,1241.7099609375
2016-10-10,1248.3900146484375
2016-10-11,1231.8499755859375
2016-10-12,1242.469970703125
2016-10-13,1236.8499755859375
2016-10-14,1245.780029296875
2016-10-17,1245.510009765625
2016-10-18,1250.239990234375
2016-10-19,1233.8599853515625
2016-10-20,1228.0799560546875
2016-10-21,1234.719970703125
2016-10-24,1206.741943359375
2016-10-25,1232.449951171875
2016-10-26,1228.780029296875
2016-10-27,1240.3299560546875
2016-10-28,1249.0699462890625
2016-10-31,1259.1700439453125
2016-11-01,1253.8399658203125
2016-11-02,1266.1099853515625
2016-11-03,1270.0999755859375
2016-11-04,1268.6199951171875
2016-11-07,1270.989990234375
2016-11-08,1259.5999755859375
2016-11-09,1242.2900390625
2016-11-10,1262.030029296875
2016-11-11,1268.219970703125
2016-11-14,1263.7900390625
2016-11-15,1254.6600341796875
2016-11-16,1250.75
2016-11-17,1251.3900146484375
2016-11-18,1252.0400390625
2016-11-21,1220.71630859375
2016-11-22,1253.780029296875
2016-11-23,1241.4300537109375
2016-11-24,1244.6400146484375
2016-11-25,1246.6800537109375
2016-11-28,1243.760009765625
2016-11-29,1241.699951171875
2016-11-30,1243.06005859375
2016-12-01,1247.3800048828125
2016-12-02,1244.699951171875
2016-12-05,1243.56005859375
2016-12-06,1254.739990234375
2016-12-07,1254.3299560546875
2016-12-08,1244.7099609375
2016-12-09,1233.6300048828125
2016-12-12,1205.0
2016-12-13,1239.8699951171875
2016-12-14,1236.0899658203125
2016-12-15,1239.3699951171875
2016-12-16,1233.510009765625
2016-12-19,1238.5899658203125
2016-12-20,1234.4200439453125
2016-12-21,1237.530029296875
2016-12-22,1243.760009765625
2016-12-23,1257.43994140625
2016-12-26,1253.530029296875
2016-12-27,1253.530029296875
2016-12-28,1261.739990234375
2016-12-29,1260.469970703125
2016-12-30,1274.22998046875
2017-01-02,1268.1700439453125
2017-01-03,1257.469970703125
2017-01-04,1255.969970703125
2017-01-05,1253.52001953125
2017-01-06,1251.9100341796875
2017-01-09,1264.3299560546875
2017-01-10,1272.6800537109375
2017-01-11,1266.4200439453125
2017-01-12,1257.22998046875
2017-01-13,1246.469970703125
2017-01-16,1249.2900390625
2017-01-17,1252.7900390625
2017-01-18,1240.43994140625
2017-01-19,1250.27001953125
2017-01-20,1250.530029296875
2017-01-23,1256.4100341796875
2017-01-24,1250.5999755859375
2017-01-25,1252.8699951171875
2017-01-26,1248.1500244140625
2017-01-27,1249.949951171875
2017-01-30,1259.3699951171875
2017-01-31,1251.56005859375
2017-02-01,1241.1400146484375
2017-02-02,1239.8800048828125
2017-02-03,1229.239990234375
2017-02-06,1201.23681640625
2017-02-07,1216.4599609375
2017-02-08,1219.219970703125
2017-02-09,1223.47998046875
2017-02-10,1225.1800537109375
2017-02-13,1193.6920166015625
2017-02-14,1216.77001953125
2017-02-15,1203.2900390625
2017-02-16,1201.8800048828125
2017-02-17,1217.300048828125
2017-02-20,1192.7510986328125
2017-02-21,1213.2099609375
2017-02-22,1202.489990234375
2017-02-23,1200.2099609375
2017-02-24,1197.469970703125
2017-02-27,1192.47998046875
2017-02-28,1199.719970703125
2017-03-01,1201.010009765625
2017-03-02,1200.1800537109375
2017-03-03,1207.510009765625
2017-03-06,1222.719970703125
2017-03-07,1220.489990234375
2017-03-08,1214.4300537109375
2017-03-09,1216.1400146484375
2017-03-10,1225.68994140625
2017-03-13,1224.4000244140625
2017-03-14,1221.8299560546875
2017-03-15,1218.0799560546875
2017-03-16,1210.06005859375
2017-03-17,1213.6300048828125
2017-03-20,1181.2928466796875
2017-03-21,1195.22998046875
2017-03-22,1213.3800048828125
2017-03-23,1204.25
2017-03-24,1208.6800537109375
2017-03-27,1205.4599609375
2017-03-28,1206.199951171875
2017-03-29,1206.3199462890625
2017-03-30,1193.81005859375
2017-03-31,1193.199951171875
2017-04-03,1189.31005859375
2017-04-04,1190.18994140625
2017-04-05,1199.9300537109375
2017-04-06,1202.3499755859375
2017-04-07,1202.3900146484375
2017-04-10,1176.8697509765625
2017-04-11,1209.800048828125
2017-04-12,1214.0
2017-04-13,1209.0
2017-04-14,1204.43994140625
2017-04-17,1173.1046142578125
2017-04-18,1173.1046142578125
2017-04-19,1224.530029296875
2017-04-20,1222.9100341796875
2017-04-21,1217.9100341796875
2017-04-24,1215.6400146484375
2017-04-25,1231.4599609375
2017-04-26,1229.3499755859375
2017-04-27,1234.1500244140625
2017-04-28,1228.1800537109375
2017-05-01,1238.239990234375
2017-05-02,1239.1400146484375
2017-05-03,1232.6500244140625
2017-05-04,1233.2099609375
2017-05-05,1245.8699951171875
2017-05-08,1247.6700439453125
2017-05-09,1237.1199951171875
2017-05-10,1238.3900146484375
2017-05-11,1227.739990234375
2017-05-12,1220.0799560546875
2017-05-15,1226.5999755859375
2017-05-16,1226.780029296875
2017-05-17,1236.699951171875
2017-05-18,1251.3199462890625
2017-05-19,1253.4599609375
2017-05-22,1251.06005859375
2017-05-23,1252.4599609375
2017-05-24,1256.8900146484375
2017-05-25,1255.6600341796875
2017-05-26,1254.6600341796875
2017-05-29,1250.030029296875
2017-05-30,1249.1500244140625
2017-05-31,1255.219970703125
2017-06-01,1257.6500244140625
2017-06-02,1257.02001953125
2017-06-05,1260.1600341796875
2017-06-06,1256.8399658203125
2017-06-07,1259.18994140625
2017-06-08,1264.0
2017-06-09,1253.800048828125
2017-06-12,1258.4200439453125
2017-06-13,1265.47998046875
2017-06-14,1262.300048828125
2017-06-15,1254.1700439453125
2017-06-16,1258.97998046875
2017-06-19,1267.0699462890625
2017-06-20,1265.3499755859375
2017-06-21,1270.0
2017-06-22,1275.3800048828125
2017-06-23,1269.5799560546875
2017-06-26,1268.780029296875
2017-06-27,1266.719970703125
2017-06-28,1292.1300048828125
2017-06-29,1294.780029296875
2017-06-30,1310.93994140625
2017-07-03,1307.3299560546875
2017-07-04,1306.8800048828125
2017-07-05,1304.949951171875
2017-07-06,1307.719970703125
2017-07-07,1320.6600341796875
2017-07-10,1286.8758544921875
2017-07-12,1316.550048828125
2017-07-13,1298.0899658203125
2017-07-14,1295.77001953125
2017-07-17,1293.260009765625
2017-07-18,1293.4599609375
2017-07-19,1298.1500244140625
2017-07-20,1294.8699951171875
2017-07-21,1302.8199462890625
2017-07-24,1303.4300537109375
2017-07-25,1296.0899658203125
2017-07-26,1302.9300537109375
2017-07-27,1303.739990234375
2017-07-28,1303.6500244140625
2017-07-31,1320.0699462890625
2017-08-01,1322.3299560546875
2017-08-02,1322.9100341796875
2017-08-03,1329.489990234375
2017-08-04,1339.1800537109375
2017-08-07,1327.3499755859375
2017-08-08,1327.6500244140625
2017-08-09,1323.2099609375
2017-08-10,1338.199951171875
2017-08-11,1345.530029296875
2017-08-14,1349.52001953125
2017-08-15,1340.6800537109375
2017-08-16,1332.4300537109375
2017-08-17,1335.72998046875
2017-08-18,1335.22998046875
2017-08-21,1338.9000244140625
2017-08-22,1343.949951171875
2017-08-23,1330.2900390625
2017-08-24,1329.56005859375
2017-08-25,1329.6700439453125
2017-08-28,1336.0
2017-08-29,1337.1400146484375
2017-08-30,1345.2099609375
2017-08-31,1335.3900146484375
2017-09-01,1337.7900390625
2017-09-04,1329.050048828125
2017-09-05,1346.030029296875
2017-09-06,1348.9599609375
2017-09-07,1348.989990234375
2017-09-08,1355.239990234375
2017-09-11,1361.0
2017-09-12,1350.5699462890625
2017-09-13,1349.6099853515625
2017-09-14,1344.2099609375
2017-09-15,1350.22998046875
2017-09-18,1352.239990234375
2017-09-19,1349.77001953125
2017-09-20,1355.3299560546875
2017-09-21,1342.3800048828125
2017-09-22,1351.3800048828125
2017-09-25,1352.3199462890625
2017-09-26,1343.8499755859375
2017-09-27,1339.5
2017-09-28,1345.0999755859375
2017-09-29,1349.9100341796875
2017-10-02,1351.739990234375
2017-10-03,1340.1400146484375
2017-10-04,1340.9200439453125
2017-10-05,1342.6800537109375
2017-10-06,1337.18994140625
2017-10-09,1342.5899658203125
2017-10-10,1341.449951171875
2017-10-11,1339.27001953125
2017-10-12,1342.1199951171875
2017-10-13,1338.969970703125
2017-10-16,1330.3599853515625
2017-10-17,1328.9300537109375
2017-10-18,1329.7099609375
2017-10-19,1334.2099609375
2017-10-20,1335.8399658203125
2017-10-23,1332.3699951171875
2017-10-24,1326.9000244140625
2017-10-25,1328.2900390625
2017-10-26,1331.0799560546875
2017-10-27,1312.81005859375
2017-10-30,1305.68994140625
2017-10-31,1308.719970703125
2017-11-01,1302.0999755859375
2017-11-02,1290.0999755859375
2017-11-03,1295.77001953125
2017-11-06,1294.4000244140625
2017-11-07,1293.0799560546875
2017-11-08,1290.31005859375
2017-11-09,1290.0400390625
2017-11-10,1301.6800537109375
2017-11-13,1303.72998046875
2017-11-14,1305.4100341796875
2017-11-15,1315.469970703125
2017-11-17,1290.8499755859375
2017-11-20,1259.9921875
2017-11-21,1286.050048828125
2017-11-22,1280.5699462890625
2017-11-23,1282.0400390625
2017-11-24,1282.699951171875
2017-11-27,1293.68994140625
2017-11-28,1297.199951171875
2017-11-29,1283.6099853515625
2017-11-30,1280.489990234375
2017-12-01,1293.3199462890625
2017-12-04,1286.8599853515625
2017-12-05,1287.5999755859375
2017-12-06,1283.4200439453125
2017-12-07,1289.52001953125
2017-12-08,1285.8399658203125
2017-12-11,1252.2781982421875
2017-12-12,1280.77001953125
2017-12-13,1281.0799560546875
2017-12-14,1283.050048828125
2017-12-15,1280.550048828125
2017-12-18,1278.4599609375
2017-12-19,1278.6099853515625
2017-12-20,1283.25
2017-12-21,1282.81005859375
2017-12-22,1280.8499755859375
2017-12-25,1276.5400390625
2017-12-26,1249.0250244140625
2017-12-27,1274.4000244140625
2017-12-28,1277.2900390625
2017-12-29,1276.7099609375
2018-01-01,1279.1400146484375
2018-01-02,1279.1400146484375
2018-01-03,1281.3800048828125
2018-01-04,1277.4100341796875
2018-01-05,1280.3499755859375
2018-01-08,1276.239990234375
2018-01-09,1277.5400390625
2018-01-10,1278.3299560546875
2018-01-11,1278.75
2018-01-12,1282.0899658203125
2018-01-15,1258.94580078125
2018-01-16,1302.3900146484375
2018-01-17,1303.3399658203125
2018-01-18,1299.4599609375
2018-01-19,1308.510009765625
2018-01-22,1278.1806640625
2018-01-23,1309.72998046875
2018-01-24,1320.469970703125
2018-01-25,1318.72998046875
2018-01-26,1319.3900146484375
2018-01-29,1320.9300537109375
2018-01-30,1324.219970703125
2018-01-31,1330.7900390625
2018-02-01,1327.3499755859375
2018-02-02,1340.0699462890625
2018-02-05,1356.75
2018-02-06,1351.8800048828125
2018-02-07,1335.9300537109375
2018-02-08,1336.1700439453125
2018-02-09,1343.31005859375
2018-02-12,1326.8199462890625
2018-02-13,1331.780029296875
2018-02-14,1338.6400146484375
2018-02-15,1333.8800048828125
2018-02-16,1329.0999755859375
2018-02-19,1322.4599609375
2018-02-20,1322.3199462890625
2018-02-21,1322.9300537109375
2018-02-22,1319.8499755859375
2018-02-23,1331.219970703125
2018-02-26,1294.148681640625
2018-02-27,1316.989990234375
2018-02-28,1321.1500244140625
2018-03-01,1322.969970703125
2018-03-02,1327.449951171875
2018-03-05,1328.719970703125
2018-03-06,1327.989990234375
2018-03-07,1319.9000244140625
2018-03-08,1323.1400146484375
2018-03-09,1320.780029296875
2018-03-12,1309.43994140625
2018-03-13,1312.25
2018-03-14,1321.2099609375
2018-03-15,1314.449951171875
2018-03-16,1314.969970703125
2018-03-19,1314.0699462890625
2018-03-20,1322.72998046875
2018-03-21,1310.8900146484375
2018-03-22,1313.3900146484375
2018-03-23,1330.8499755859375
2018-03-26,1337.4000244140625
2018-03-27,1338.0
2018-03-28,1332.3699951171875
2018-03-29,1308.5400390625
2018-03-30,1306.219970703125
2018-04-02,1306.219970703125
2018-04-03,1280.1405029296875
2018-04-04,1293.47998046875
2018-04-05,1298.8399658203125
2018-04-06,1300.47998046875
2018-04-09,1313.4300537109375
2018-04-10,1316.760009765625
2018-04-11,1314.52001953125
2018-04-12,1318.27001953125
2018-04-13,1318.93994140625
2018-04-16,1320.0999755859375
2018-04-17,1324.2099609375
2018-04-18,1318.6800537109375
2018-04-19,1317.02001953125
2018-04-20,1315.93994140625
2018-04-23,1314.780029296875
2018-04-24,1318.47998046875
2018-04-25,1317.4100341796875
2018-04-26,1315.6300048828125
2018-04-27,1303.6300048828125
2018-04-30,1293.8800048828125
2018-05-01,1291.6199951171875
2018-05-02,1291.6199951171875
2018-05-03,1288.8900146484375
2018-05-04,1287.56005859375
2018-05-07,1283.050048828125
2018-05-08,1286.75
2018-05-09,1278.469970703125
2018-05-10,1276.8399658203125
2018-05-11,1267.8800048828125
2018-05-14,1273.9100341796875
2018-05-15,1275.43994140625
2018-05-16,1275.3900146484375
2018-05-17,1271.489990234375
2018-05-18,1274.25
2018-05-21,1271.1800537109375
2018-05-22,1268.72998046875
2018-05-23,1265.6400146484375
2018-05-24,1258.239990234375
2018-05-25,1264.7900390625
2018-05-28,1254.77001953125
2018-05-29,1247.469970703125
2018-05-30,1250.2099609375
2018-05-31,1253.8900146484375
2018-06-01,1262.6199951171875
2018-06-04,1248.4300537109375
2018-06-05,1252.010009765625
2018-06-06,1254.6800537109375
2018-06-07,1254.530029296875
2018-06-08,1263.1600341796875
2018-06-11,1263.6500244140625
2018-06-12,1266.9599609375
2018-06-13,1267.6199951171875
2018-06-14,1280.0799560546875
2018-06-15,1261.1800537109375
2018-06-18,1279.3199462890625
2018-06-19,1283.9300537109375
2018-06-20,1287.6700439453125
2018-06-21,1282.1400146484375
2018-06-22,1287.530029296875
2018-06-25,1294.7099609375
2018-06-26,1303.3599853515625
2018-06-27,1301.7900390625
2018-06-28,1297.6800537109375
2018-06-29,1295.260009765625
2018-07-02,1301.3800048828125
2018-07-03,1301.52001953125
2018-07-04,1297.530029296875
2018-07-05,1299.0899658203125
2018-07-06,1306.81005859375
2018-07-09,1308.4000244140625
2018-07-10,1307.5
2018-07-11,1304.5
2018-07-12,1315.800048828125
2018-07-13,1309.0999755859375
2018-07-16,1319.0999755859375
2018-07-17,1320.0999755859375
2018-07-18,1311.4000244140625
2018-07-19,1316.800048828125
2018-07-20,1321.699951171875
2018-07-23,1288.699951171875
2018-07-24,1323.699951171875
2018-07-25,1317.699951171875
2018-07-26,1309.0999755859375
2018-07-27,1307.4000244140625
2018-07-30,1299.300048828125
2018-07-31,1307.199951171875
2018-08-01,1299.699951171875
2018-08-02,1304.5
2018-08-03,1306.699951171875
2018-08-06,1298.0
2018-08-07,1300.300048828125
2018-08-08,1294.9000244140625
2018-08-09,1295.300048828125
2018-08-10,1292.199951171875
2018-08-13,1288.0
2018-08-14,1294.699951171875
2018-08-15,1278.199951171875
2018-08-16,1288.4000244140625
2018-08-17,1280.5
2018-08-20,1278.9000244140625
2018-08-21,1282.9000244140625
2018-08-22,1291.5
2018-08-23,1294.300048828125
2018-08-24,1299.300048828125
2018-08-27,1293.800048828125
2018-08-28,1294.300048828125
2018-08-29,1293.699951171875
2018-08-30,1297.5
2018-08-31,1300.800048828125
2018-09-03,1292.699951171875
2018-09-04,1293.0
2018-09-05,1298.699951171875
2018-09-06,1300.5
2018-09-07,1306.5999755859375
2018-09-10,1302.4000244140625
2018-09-11,1317.699951171875
2018-09-12,1304.5999755859375
2018-09-13,1308.5
2018-09-14,1309.800048828125
2018-09-17,1302.9000244140625
2018-09-18,1313.0999755859375
2018-09-19,1308.699951171875
2018-09-20,1309.699951171875
2018-09-21,1314.300048828125
2018-09-24,1308.699951171875
2018-09-25,1313.4000244140625
2018-09-26,1312.4000244140625
2018-09-27,1308.5999755859375
2018-09-28,1294.0
2018-10-01,1286.699951171875
2018-10-02,1287.4000244140625
2018-10-03,1290.5999755859375
2018-10-04,1291.300048828125
2018-10-05,1304.199951171875
2018-10-08,1269.0
2018-10-09,1302.0
2018-10-10,1302.4000244140625
2018-10-11,1317.5999755859375
2018-10-12,1314.4000244140625
2018-10-15,1306.300048828125
2018-10-16,1314.5
2018-10-17,1298.5
2018-10-18,1295.800048828125
2018-10-19,1301.5999755859375
2018-10-22,1302.0999755859375
2018-10-23,1296.5
2018-10-24,1303.699951171875
2018-10-25,1296.199951171875
2018-10-26,1291.0999755859375
2018-10-29,1298.699951171875
2018-10-30,1298.800048828125
2018-10-31,1290.4000244140625
2018-11-01,1290.800048828125
2018-11-02,1287.0999755859375
2018-11-05,1271.699951171875
2018-11-06,1279.300048828125
2018-11-07,1280.5
2018-11-08,1274.9000244140625
2018-11-09,1272.0999755859375
2018-11-12,1280.300048828125
2018-11-13,1276.300048828125
2018-11-14,1279.199951171875
2018-11-15,1279.300048828125
2018-11-16,1276.0
2018-11-19,1253.0
2018-11-20,1289.5999755859375
2018-11-21,1283.9000244140625
2018-11-22,1294.800048828125
2018-11-23,1294.4000244140625
2018-11-26,1284.5999755859375
2018-11-27,1279.199951171875
2018-11-28,1276.699951171875
2018-11-29,1274.199951171875
2018-11-30,1272.0999755859375
2018-12-03,1266.699951171875
2018-12-04,1258.0999755859375
2018-12-05,1259.4000244140625
2018-12-06,1261.0999755859375
2018-12-07,1273.199951171875
2018-12-10,1279.5999755859375
2018-12-11,1284.5999755859375
2018-12-12,1276.4000244140625
2018-12-13,1277.9000244140625
2018-12-14,1280.199951171875
2018-12-17,1279.0
2018-12-18,1280.0999755859375
2018-12-19,1279.4000244140625
2018-12-20,1284.5999755859375
2018-12-21,1282.5
2018-12-24,1282.0
2018-12-25,1280.699951171875
2018-12-26,1280.699951171875
2018-12-27,1280.699951171875
2018-12-28,1279.4000244140625
2018-12-31,1276.5999755859375
2019-01-01,1276.199951171875
2019-01-02,1276.199951171875
2019-01-03,1269.4000244140625
2019-01-04,1280.199951171875
2019-01-07,1271.199951171875
2019-01-08,1281.199951171875
2019-01-09,1284.0
2019-01-10,1292.199951171875
2019-01-11,1284.5999755859375
2019-01-14,1281.5
2019-01-15,1286.800048828125
2019-01-16,1281.0999755859375
2019-01-17,1274.4000244140625
2019-01-18,1276.199951171875
2019-01-21,1279.0999755859375
2019-01-22,1287.0
2019-01-23,1283.5999755859375
2019-01-24,1280.800048828125
2019-01-25,1274.0
2019-01-28,1240.0
2019-01-29,1279.4000244140625
2019-01-30,1278.0
2019-01-31,1273.300048828125
2019-02-01,1272.199951171875
2019-02-04,1280.699951171875
2019-02-05,1281.699951171875
2019-02-06,1275.800048828125
2019-02-07,1274.5
2019-02-08,1273.9000244140625
2019-02-11,1272.5
2019-02-12,1268.4000244140625
2019-02-13,1269.300048828125
2019-02-14,1265.5
2019-02-15,1274.199951171875
2019-02-18,1270.699951171875
2019-02-19,1271.300048828125
2019-02-20,1271.199951171875
2019-02-21,1272.300048828125
2019-02-22,1274.300048828125
2019-02-25,1272.5
2019-02-26,1269.4000244140625
2019-02-27,1269.0999755859375
2019-02-28,1269.699951171875
2019-03-01,1278.199951171875
2019-03-04,1281.300048828125
2019-03-05,1278.699951171875
2019-03-06,1272.9000244140625
2019-03-07,1274.5
2019-03-08,1268.5
2019-03-11,1273.4000244140625
2019-03-12,1272.9000244140625
2019-03-13,1271.9000244140625
2019-03-14,1279.9000244140625
2019-03-15,1283.800048828125
2019-03-18,1285.0999755859375
2019-03-19,1281.9000244140625
2019-03-20,1282.4000244140625
2019-03-21,1285.300048828125
2019-03-22,1282.4000244140625
2019-03-25,1284.0
2019-03-26,1282.699951171875
2019-03-27,1278.0999755859375
2019-03-28,1280.5
2019-03-29,1273.4000244140625
2019-04-01,1275.4000244140625
2019-04-02,1268.9000244140625
2019-04-03,1272.9000244140625
2019-04-04,1274.4000244140625
2019-04-05,1273.9000244140625
2019-04-08,1275.800048828125
2019-04-09,1284.800048828125
2019-04-10,1284.0999755859375
2019-04-11,1281.699951171875
2019-04-12,1284.699951171875
2019-04-15,1280.5
2019-04-16,1281.800048828125
2019-04-17,1282.300048828125
2019-04-18,1277.699951171875
2019-04-19,1276.199951171875
2019-04-22,1276.199951171875
2019-04-23,1276.199951171875
2019-04-24,1281.300048828125
2019-04-25,1287.9000244140625
2019-04-26,1290.5
2019-04-29,1290.300048828125
2019-04-30,1295.800048828125
2019-05-01,1305.0999755859375
2019-05-02,1305.0999755859375
2019-05-03,1302.699951171875
2019-05-06,1303.0
2019-05-07,1307.800048828125
2019-05-08,1310.300048828125
2019-05-09,1312.199951171875
2019-05-10,1322.699951171875
2019-05-13,1318.9000244140625
2019-05-14,1332.800048828125
2019-05-15,1329.5999755859375
2019-05-16,1328.800048828125
2019-05-17,1330.0
2019-05-20,1331.800048828125
2019-05-21,1332.800048828125
2019-05-22,1330.0999755859375
2019-05-23,1326.800048828125
2019-05-24,1329.0999755859375
2019-05-27,1326.9000244140625
2019-05-28,1323.0
2019-05-29,1324.5999755859375
2019-05-30,1327.5
2019-05-31,1321.300048828125
2019-06-03,1327.0
2019-06-04,1323.9000244140625
2019-06-05,1323.5
2019-06-06,1323.4000244140625
2019-06-07,1328.9000244140625
2019-06-10,1337.9000244140625
2019-06-11,1337.9000244140625
2019-06-12,1333.199951171875
2019-06-13,1335.0999755859375
2019-06-14,1331.800048828125
2019-06-17,1329.199951171875
2019-06-18,1328.800048828125
2019-06-19,1312.699951171875
2019-06-20,1314.800048828125
2019-06-21,1306.800048828125
2019-06-24,1316.0
2019-06-25,1313.5
2019-06-26,1313.4000244140625
2019-06-27,1310.5
2019-06-28,1314.0999755859375
2019-07-01,1313.199951171875
2019-07-02,1308.5999755859375
2019-07-03,1315.5999755859375
2019-07-04,1318.9000244140625
2019-07-05,1317.0
2019-07-08,1317.5
2019-07-09,1321.800048828125
2019-07-10,1323.5
2019-07-11,1322.0
2019-07-12,1319.5
2019-07-15,1325.199951171875
2019-07-16,1326.9000244140625
2019-07-17,1320.300048828125
2019-07-18,1323.0
2019-07-19,1317.800048828125
2019-07-22,1318.4000244140625
2019-07-23,1316.0999755859375
2019-07-24,1313.0999755859375
2019-07-25,1311.5
2019-07-26,1317.5999755859375
2019-07-29,1316.0
2019-07-30,1317.5999755859375
2019-07-31,1317.0
2019-08-01,1312.9000244140625
2019-08-02,1322.9000244140625
2019-08-05,1336.800048828125
2019-08-06,1367.0999755859375
2019-08-07,1357.300048828125
2019-08-08,1356.9000244140625
2019-08-09,1349.0
2019-08-12,1358.9000244140625
2019-08-13,1364.199951171875
2019-08-14,1347.0999755859375
2019-08-15,1353.300048828125
2019-08-16,1345.699951171875
2019-08-19,1339.0
2019-08-20,1341.199951171875
2019-08-21,1337.4000244140625
2019-08-22,1332.199951171875
2019-08-23,1340.0999755859375
2019-08-26,1350.800048828125
2019-08-27,1343.800048828125
2019-08-28,1342.4000244140625
2019-08-29,1342.5
2019-08-30,1334.800048828125
2019-09-02,1329.0999755859375
2019-09-03,1329.300048828125
2019-09-04,1326.800048828125
2019-09-05,1326.699951171875
2019-09-06,1319.199951171875
2019-09-09,1283.4000244140625
2019-09-10,1315.5999755859375
2019-09-11,1313.9000244140625
2019-09-12,1309.9000244140625
2019-09-13,1306.199951171875
2019-09-16,1304.800048828125
2019-09-17,1301.5999755859375
2019-09-18,1313.5999755859375
2019-09-19,1311.699951171875
2019-09-20,1317.5999755859375
2019-09-23,1314.5
2019-09-24,1311.0
2019-09-25,1314.9000244140625
2019-09-26,1311.5999755859375
2019-09-27,1308.699951171875
2019-09-30,1314.800048828125
2019-10-01,1304.5
2019-10-02,1313.199951171875
2019-10-03,1318.800048828125
2019-10-04,1316.800048828125
2019-10-07,1307.300048828125
2019-10-08,1311.5999755859375
2019-10-09,1312.9000244140625
2019-10-10,1314.699951171875
2019-10-11,1308.300048828125
2019-10-14,1305.4200439453125
2019-10-15,1304.050048828125
2019-10-16,1305.050048828125
2019-10-17,1311.6700439453125
2019-10-18,1310.1500244140625
2019-10-21,1315.5699462890625
2019-10-22,1305.0
2019-10-23,1303.280029296875
2019-10-24,1300.9300537109375
2019-10-25,1302.530029296875
2019-10-28,1296.8800048828125
2019-10-29,1294.530029296875
2019-10-30,1295.22998046875
2019-10-31,1297.4300537109375
2019-11-01,1303.260009765625
2019-11-04,1299.22998046875
2019-11-05,1292.6300048828125
2019-11-06,1278.8199462890625
2019-11-07,1283.8199462890625
2019-11-11,1275.4000244140625
2019-11-12,1283.8199462890625
2019-11-13,1282.3599853515625
2019-11-14,1287.3399658203125
2019-11-15,1286.4100341796875
2019-11-18,1284.8900146484375
2019-11-19,1290.739990234375
2019-11-20,1292.1500244140625
2019-11-21,1294.969970703125
2019-11-22,1299.6199951171875
2019-11-25,1299.3699951171875
2019-11-26,1290.8900146484375
2019-11-27,1291.6700439453125
2019-11-28,1293.18994140625
2019-11-29,1296.050048828125
2019-12-02,1300.3699951171875
2019-12-03,1310.9000244140625
2019-12-04,1315.93994140625
2019-12-05,1318.0899658203125
2019-12-06,1318.530029296875
2019-12-09,1310.0
2019-12-10,1315.6400146484375
2019-12-11,1319.050048828125
2019-12-12,1323.0400390625
2019-12-13,1307.97998046875
2019-12-16,1306.02001953125
2019-12-17,1300.1600341796875
2019-12-18,1295.18994140625
2019-12-19,1293.8599853515625
2019-12-20,1291.9300537109375
2019-12-23,1282.93994140625
2019-12-24,1289.2099609375
2019-12-25,1288.02001953125
2019-12-26,1288.199951171875
2019-12-27,1288.199951171875
2019-12-30,1295.97998046875
2019-12-31,1295.31005859375
2020-01-01,1294.8800048828125
2020-01-02,1294.5400390625
2020-01-03,1291.2900390625
2020-01-06,1299.3499755859375
2020-01-07,1305.5400390625
2020-01-08,1300.510009765625
2020-01-09,1288.800048828125
2020-01-10,1285.6300048828125
2020-01-13,1287.4000244140625
2020-01-14,1284.699951171875
2020-01-15,1287.1700439453125
2020-01-16,1290.8900146484375
2020-01-17,1290.18994140625
2020-01-20,1286.699951171875
2020-01-21,1283.969970703125
2020-01-22,1294.47998046875
2020-01-23,1290.5799560546875
2020-01-24,1291.0699462890625
2020-01-27,1288.72998046875
2020-01-28,1295.4100341796875
2020-01-29,1294.0699462890625
2020-01-30,1297.1300048828125
2020-01-31,1309.469970703125
2020-02-03,1324.9100341796875
2020-02-04,1315.31005859375
2020-02-05,1305.6800537109375
2020-02-06,1300.800048828125
2020-02-07,1301.06005859375
2020-02-10,1304.3699951171875
2020-02-11,1294.260009765625
2020-02-12,1288.8699951171875
2020-02-13,1280.219970703125
2020-02-14,1282.260009765625
2020-02-17,1280.719970703125
2020-02-18,1282.5899658203125
2020-02-19,1283.800048828125
2020-02-20,1287.3199462890625
2020-02-21,1298.1099853515625
2020-02-24,1308.469970703125
2020-02-25,1321.1800537109375
2020-02-26,1321.260009765625
2020-02-27,1318.0400390625
2020-02-28,1331.77001953125
2020-03-02,1322.47998046875
2020-03-03,1323.6700439453125
2020-03-04,1318.800048828125
2020-03-05,1317.6600341796875
2020-03-06,1332.280029296875
2020-03-09,1341.0799560546875
2020-03-10,1367.219970703125
2020-03-11,1338.3399658203125
2020-03-12,1340.1800537109375
2020-03-13,1352.969970703125
2020-03-16,1343.699951171875
2020-03-17,1375.8599853515625
2020-03-18,1363.4000244140625
2020-03-19,1375.949951171875
2020-03-20,1339.02001953125
2020-03-23,1341.469970703125
2020-03-24,1367.8900146484375
2020-03-25,1331.8199462890625
2020-03-26,1341.719970703125
2020-03-27,1338.8499755859375
2020-03-30,1349.719970703125
2020-03-31,1348.260009765625
2020-04-01,1342.5999755859375
2020-04-02,1351.8399658203125
2020-04-03,1330.780029296875
2020-04-06,1334.97998046875
2020-04-07,1319.800048828125
2020-04-08,1322.02001953125
2020-04-09,1318.6800537109375
2020-04-10,1322.02001953125
2020-04-13,1322.030029296875
2020-04-14,1322.1700439453125
2020-04-15,1329.1700439453125
2020-04-16,1332.93994140625
2020-04-17,1331.97998046875
2020-04-20,1320.75
2020-04-21,1325.010009765625
2020-04-22,1335.8800048828125
2020-04-23,1330.8299560546875
2020-04-24,1327.2900390625
2020-04-27,1330.4300537109375
2020-04-28,1321.300048828125
2020-04-29,1320.9100341796875
2020-04-30,1315.0400390625
2020-05-01,1328.550048828125
2020-05-04,1328.31005859375
2020-05-05,1332.719970703125
2020-05-06,1323.0
2020-05-07,1325.0699462890625
2020-05-08,1320.0699462890625
2020-05-11,1320.219970703125
2020-05-12,1320.3599853515625
2020-05-13,1329.3199462890625
2020-05-14,1326.989990234375
2020-05-15,1324.949951171875
2020-05-18,1332.43994140625
2020-05-19,1336.02001953125
2020-05-20,1337.0699462890625
2020-05-21,1346.1300048828125
2020-05-22,1349.77001953125
2020-05-25,1350.219970703125
2020-05-26,1350.699951171875
2020-05-27,1349.969970703125
2020-05-28,1361.800048828125
2020-05-29,1369.9599609375
2020-06-01,1366.5699462890625
2020-06-02,1360.0400390625
2020-06-03,1361.5899658203125
2020-06-04,1364.1500244140625
2020-06-05,1378.2900390625
2020-06-08,1354.9599609375
2020-06-09,1349.18994140625
2020-06-10,1357.0799560546875
2020-06-11,1351.6500244140625
2020-06-12,1359.6700439453125
2020-06-15,1353.489990234375
2020-06-16,1367.3699951171875
2020-06-17,1364.050048828125
2020-06-18,1365.010009765625
2020-06-19,1357.4300537109375
2020-06-22,1353.739990234375
2020-06-23,1361.1600341796875
2020-06-24,1364.8299560546875
2020-06-25,1356.0400390625
2020-06-26,1347.4100341796875
2020-06-29,1349.4300537109375
2020-06-30,1347.6500244140625
2020-07-01,1345.989990234375
2020-07-02,1350.8599853515625
2020-07-03,1346.52001953125
2020-07-06,1347.1700439453125
2020-07-07,1346.81005859375
2020-07-08,1347.7099609375
2020-07-09,1349.739990234375
2020-07-10,1349.06005859375
2020-07-13,1355.199951171875
2020-07-14,1364.300048828125
2020-07-15,1373.25
2020-07-16,1369.469970703125
2020-07-17,1370.280029296875
2020-07-20,1373.8299560546875
2020-07-21,1374.6400146484375
2020-07-22,1375.7900390625
2020-07-23,1383.77001953125
2020-07-24,1392.1600341796875
2020-07-27,1398.4000244140625
2020-07-28,1405.93994140625
2020-07-29,1404.260009765625
2020-07-30,1401.6099853515625
2020-07-31,1410.3699951171875
2020-08-03,1406.3399658203125
2020-08-04,1401.3399658203125
2020-08-05,1408.1800537109375
2020-08-06,1406.6099853515625
2020-08-07,1405.219970703125
2020-08-10,1400.3900146484375
2020-08-11,1391.6700439453125
2020-08-12,1390.199951171875
2020-08-13,1393.800048828125
2020-08-14,1398.8800048828125
2020-08-17,1403.9200439453125
2020-08-18,1404.3800048828125
2020-08-19,1412.27001953125
2020-08-20,1399.239990234375
2020-08-21,1404.9300537109375
2020-08-24,1404.219970703125
2020-08-25,1400.5699462890625
2020-08-26,1403.5999755859375
2020-08-27,1401.1800537109375
2020-08-28,1402.010009765625
2020-08-31,1403.550048828125
2020-09-01,1416.9100341796875
2020-09-02,1412.0799560546875
2020-09-03,1408.780029296875
2020-09-04,1410.6199951171875
2020-09-07,1404.43994140625
2020-09-08,1402.3900146484375
2020-09-09,1399.0699462890625
2020-09-10,1397.449951171875
2020-09-11,1403.6400146484375
2020-09-14,1405.43994140625
2020-09-15,1401.0799560546875
2020-09-16,1396.3399658203125
2020-09-17,1384.06005859375
2020-09-18,1384.280029296875
2020-09-21,1377.5799560546875
2020-09-22,1369.1800537109375
2020-09-23,1360.72998046875
2020-09-24,1363.1700439453125
2020-09-25,1364.1300048828125
2020-09-28,1364.56005859375
2020-09-29,1360.449951171875
2020-09-30,1371.199951171875
2020-10-01,1363.989990234375
2020-10-02,1364.43994140625
2020-10-05,1364.8699951171875
2020-10-06,1362.52001953125
2020-10-07,1365.3900146484375
2020-10-08,1360.81005859375
2020-10-09,1352.9000244140625
2020-10-12,1351.0699462890625
2020-10-13,1355.050048828125
2020-10-14,1347.949951171875
2020-10-15,1346.239990234375
2020-10-16,1339.4100341796875
2020-10-19,1336.8499755859375
2020-10-20,1339.8900146484375
2020-10-21,1346.469970703125
2020-10-22,1342.469970703125
2020-10-23,1340.22998046875
2020-10-26,1337.1600341796875
2020-10-27,1336.0
2020-10-28,1329.1099853515625
2020-10-29,1332.27001953125
2020-10-30,1318.030029296875
2020-11-02,1322.6099853515625
2020-11-03,1317.6700439453125
2020-11-04,1329.1600341796875
2020-11-05,1325.3599853515625
2020-11-06,1326.300048828125
2020-11-09,1330.8399658203125
2020-11-10,1322.5999755859375
2020-11-11,1319.1700439453125
2020-11-12,1309.1400146484375
2020-11-13,1314.5799560546875
2020-11-16,1310.5799560546875
2020-11-17,1311.1800537109375
2020-11-18,1310.5999755859375
2020-11-19,1309.989990234375
2020-11-20,1321.1400146484375
2020-11-23,1320.8399658203125
2020-11-24,1317.68994140625
2020-11-25,1319.5699462890625
2020-11-26,1317.050048828125
2020-11-27,1316.43994140625
2020-11-30,1320.8199462890625
2020-12-01,1322.93994140625
2020-12-02,1334.0999755859375
2020-12-03,1331.31005859375
2020-12-04,1325.0400390625
2020-12-07,1311.6099853515625
2020-12-08,1312.2099609375
2020-12-09,1312.6700439453125
2020-12-10,1311.699951171875
2020-12-11,1318.739990234375
2020-12-14,1321.27001953125
2020-12-15,1326.0899658203125
2020-12-16,1322.27001953125
2020-12-17,1332.3199462890625
2020-12-18,1339.72998046875
2020-12-21,1346.0699462890625
2020-12-22,1347.7900390625
2020-12-23,1349.300048828125
2020-12-24,1346.0999755859375
2020-12-25,1342.199951171875
2020-12-28,1342.1500244140625
2020-12-29,1337.9300537109375
2020-12-30,1337.2900390625
2020-12-31,1337.0
2021-01-01,1325.1800537109375
2021-01-04,1324.8399658203125
2021-01-05,1329.8599853515625
2021-01-06,1335.530029296875
2021-01-07,1340.0999755859375
2021-01-08,1340.5999755859375
2021-01-11,1334.27001953125
2021-01-12,1333.27001953125
2021-01-13,1334.1400146484375
2021-01-14,1333.56005859375
2021-01-15,1330.469970703125
2021-01-18,1332.449951171875
2021-01-19,1332.050048828125
2021-01-20,1336.1400146484375
2021-01-21,1327.530029296875
2021-01-22,1336.8800048828125
2021-01-25,1343.6500244140625
2021-01-26,1337.469970703125
2021-01-27,1338.8399658203125
2021-01-28,1340.0400390625
2021-01-29,1347.989990234375
2021-02-01,1356.31005859375
2021-02-02,1346.5400390625
2021-02-03,1340.3800048828125
2021-02-04,1338.6700439453125
2021-02-05,1338.6400146484375
2021-02-08,1344.9599609375
2021-02-09,1344.5899658203125
2021-02-10,1344.800048828125
2021-02-11,1339.4200439453125
2021-02-12,1336.9599609375
2021-02-15,1337.0799560546875
2021-02-16,1335.3699951171875
2021-02-17,1337.52001953125
2021-02-18,1330.18994140625
2021-02-19,1337.31005859375
2021-02-22,1339.18994140625
2021-02-23,1352.06005859375
2021-02-24,1347.4200439453125
2021-02-25,1345.27001953125
2021-02-26,1359.6500244140625
2021-03-01,1356.8900146484375
2021-03-02,1327.06005859375
2021-03-03,1358.5400390625
2021-03-04,1360.9300537109375
2021-03-05,1357.27001953125
2021-03-08,1343.550048828125
2021-03-09,1351.4599609375
2021-03-10,1350.56005859375
2021-03-11,1354.489990234375
2021-03-12,1353.2900390625
2021-03-15,1357.0699462890625
2021-03-16,1349.0
2021-03-17,1344.3199462890625
2021-03-18,1342.5799560546875
2021-03-19,1341.760009765625
2021-03-22,1343.030029296875
2021-03-23,1342.300048828125
2021-03-24,1340.0999755859375
2021-03-25,1339.7099609375
2021-03-26,1334.6700439453125
2021-03-29,1330.969970703125
2021-03-30,1331.27001953125
2021-03-31,1327.1600341796875
2021-04-01,1321.4000244140625
2021-04-02,1327.489990234375
2021-04-05,1327.8299560546875
2021-04-06,1327.18994140625
2021-04-07,1326.1099853515625
2021-04-08,1326.93994140625
2021-04-09,1329.1800537109375
2021-04-12,1332.510009765625
2021-04-13,1339.3399658203125
2021-04-14,1339.02001953125
2021-04-15,1336.4000244140625
2021-04-16,1335.6199951171875
2021-04-19,1336.81005859375
2021-04-20,1341.52001953125
2021-04-21,1342.050048828125
2021-04-22,1342.68994140625
2021-04-23,1343.1700439453125
2021-04-26,1347.6400146484375
2021-04-27,1339.1400146484375
2021-04-28,1344.489990234375
2021-04-29,1345.0400390625
2021-04-30,1341.510009765625
2021-05-03,1342.1400146484375
2021-05-04,1349.5999755859375
2021-05-05,1351.1400146484375
2021-05-06,1348.2900390625
2021-05-07,1350.2099609375
2021-05-10,1352.3599853515625
2021-05-11,1353.2900390625
2021-05-12,1358.449951171875
2021-05-13,1366.3199462890625
2021-05-14,1359.6199951171875
2021-05-17,1366.5
2021-05-18,1381.739990234375
2021-05-19,1376.719970703125
2021-05-20,1375.9200439453125
2021-05-21,1377.219970703125
2021-05-24,1372.719970703125
2021-05-25,1370.949951171875
2021-05-26,1373.699951171875
2021-05-27,1359.9100341796875
2021-05-28,1361.68994140625
2021-05-31,1357.050048828125
2021-06-01,1353.68994140625
2021-06-02,1352.0799560546875
2021-06-03,1355.1500244140625
2021-06-04,1352.8599853515625
2021-06-07,1349.989990234375
2021-06-08,1351.97998046875
2021-06-09,1359.219970703125
2021-06-10,1359.0400390625
2021-06-11,1352.2900390625
2021-06-14,1350.3800048828125
2021-06-15,1352.6199951171875
2021-06-16,1352.8900146484375
2021-06-17,1356.8599853515625
2021-06-18,1349.5999755859375
2021-06-21,1344.6600341796875
2021-06-22,1346.719970703125
2021-06-23,1351.3299560546875
2021-06-24,1350.5799560546875
2021-06-25,1349.2099609375
2021-06-28,1343.969970703125
2021-06-29,1345.8800048828125
2021-06-30,1345.4100341796875
2021-07-01,1338.969970703125
2021-07-02,1342.3699951171875
2021-07-05,1340.25
2021-07-06,1339.3800048828125
2021-07-07,1342.3299560546875
2021-07-08,1344.4200439453125
2021-07-09,1357.06005859375
2021-07-12,1358.219970703125
2021-07-13,1353.219970703125
2021-07-14,1352.989990234375
2021-07-15,1353.449951171875
2021-07-16,1347.1800537109375
2021-07-19,1347.25
2021-07-20,1356.0
2021-07-21,1351.5400390625
2021-07-22,1354.4000244140625
2021-07-23,1353.239990234375
2021-07-26,1353.8499755859375
2021-07-27,1359.260009765625
2021-07-28,1363.030029296875
2021-07-29,1361.1099853515625
2021-07-30,1357.8199462890625
2021-08-02,1366.239990234375
2021-08-03,1365.1600341796875
2021-08-04,1362.449951171875
2021-08-05,1352.969970703125
2021-08-06,1351.050048828125
2021-08-09,1346.3199462890625
2021-08-10,1344.68994140625
2021-08-11,1350.75
2021-08-12,1353.9599609375
2021-08-13,1362.9300537109375
2021-08-16,1369.4100341796875
2021-08-17,1370.989990234375
2021-08-18,1377.56005859375
2021-08-19,1368.6300048828125
2021-08-20,1372.2099609375
2021-08-23,1373.1700439453125
2021-08-24,1372.1700439453125
2021-08-25,1367.199951171875
2021-08-26,1368.9300537109375
2021-08-27,1375.27001953125
2021-08-30,1369.3800048828125
2021-08-31,1374.6700439453125
2021-09-01,1366.4599609375
2021-09-02,1368.0899658203125
2021-09-03,1373.7900390625
2021-09-06,1371.9200439453125
2021-09-07,1371.7099609375
2021-09-08,1374.780029296875
2021-09-09,1378.530029296875
2021-09-10,1381.81005859375
2021-09-13,1381.43994140625
2021-09-14,1382.7099609375
2021-09-15,1381.8699951171875
2021-09-16,1377.43994140625
2021-09-17,1381.77001953125
2021-09-20,1384.699951171875
2021-09-21,1391.010009765625
2021-09-22,1387.239990234375
2021-09-23,1380.719970703125
2021-09-24,1377.8599853515625
2021-09-27,1381.300048828125
2021-09-28,1375.7099609375
2021-09-29,1386.6500244140625
2021-09-30,1376.3399658203125
2021-10-01,1370.47998046875
2021-10-04,1366.4300537109375
2021-10-05,1374.52001953125
2021-10-06,1374.449951171875
2021-10-07,1374.489990234375
2021-10-08,1375.050048828125
2021-10-11,1383.0699462890625
2021-10-12,1379.8399658203125
2021-10-13,1379.9599609375
2021-10-14,1375.030029296875
2021-10-15,1369.72998046875
2021-10-18,1370.47998046875
2021-10-19,1375.3399658203125
2021-10-20,1366.3399658203125
2021-10-21,1367.780029296875
2021-10-22,1368.4300537109375
2021-10-25,1370.56005859375
2021-10-26,1354.530029296875
2021-10-27,1354.530029296875
2021-10-28,1359.3299560546875
2021-10-29,1366.239990234375
2021-11-01,1356.550048828125
2021-11-02,1365.43994140625
2021-11-03,1364.06005859375
2021-11-04,1369.4599609375
2021-11-05,1368.68994140625
2021-11-08,1366.02001953125
2021-11-09,1391.9599609375
2021-11-10,1365.949951171875
2021-11-11,1359.8199462890625
2021-11-12,1366.02001953125
2021-11-15,1348.760009765625
2021-11-16,1343.5699462890625
2021-11-17,1339.1800537109375
2021-11-18,1336.7900390625
2021-11-19,1343.6800537109375
2021-11-22,1338.699951171875
2021-11-23,1336.43994140625
2021-11-24,1337.22998046875
2021-11-25,1330.1300048828125
2021-11-26,1332.5400390625
2021-11-29,1352.4599609375
2021-11-30,1343.3199462890625
2021-12-01,1339.6300048828125
2021-12-02,1330.72998046875
2021-12-03,1328.530029296875
2021-12-06,1334.6800537109375
2021-12-07,1330.969970703125
2021-12-08,1325.0899658203125
2021-12-09,1332.010009765625
2021-12-10,1329.469970703125
2021-12-13,1300.77197265625
2021-12-14,1335.6500244140625
2021-12-15,1332.81005859375
2021-12-16,1337.699951171875
2021-12-17,1342.68994140625
2021-12-20,1333.06005859375
2021-12-21,1340.2900390625
2021-12-22,1341.8699951171875
2021-12-23,1346.0799560546875
2021-12-24,1341.52001953125
2021-12-27,1342.0999755859375
2021-12-28,1342.530029296875
2021-12-29,1342.760009765625
2021-12-30,1344.6099853515625
2021-12-31,1346.1300048828125
2022-01-03,1351.300048828125
2022-01-04,1347.3900146484375
2022-01-05,1349.97998046875
2022-01-06,1355.3599853515625
2022-01-07,1359.8199462890625
2022-01-10,1358.9000244140625
2022-01-11,1355.81005859375
2022-01-12,1354.1600341796875
2022-01-13,1355.3699951171875
2022-01-14,1358.0
2022-01-17,1357.3800048828125
2022-01-18,1357.199951171875
2022-01-19,1349.8599853515625
2022-01-20,1346.030029296875
2022-01-21,1347.52001953125
2022-01-24,1351.8299560546875
2022-01-25,1353.010009765625
2022-01-26,1350.8499755859375
2022-01-27,1344.75
2022-01-28,1340.0400390625
2022-01-31,1346.719970703125
2022-02-01,1354.18994140625
2022-02-02,1353.6600341796875
2022-02-03,1355.010009765625
2022-02-04,1372.1800537109375
2022-02-07,1371.1400146484375
2022-02-08,1367.8900146484375
2022-02-09,1364.3199462890625
2022-02-10,1362.6700439453125
2022-02-11,1367.9100341796875
2022-02-14,1359.3699951171875
2022-02-15,1352.300048828125
2022-02-16,1359.0
2022-02-17,1359.6700439453125
2022-02-18,1360.0999755859375
2022-02-21,1353.1500244140625
2022-02-22,1348.199951171875
2022-02-23,1349.989990234375
2022-02-24,1347.0400390625
2022-02-25,1349.0999755859375
2022-02-28,1348.75
2022-03-01,1346.199951171875
2022-03-02,1340.530029296875
2022-03-03,1335.6600341796875
2022-03-04,1334.1600341796875
2022-03-07,1330.1800537109375
2022-03-08,1336.300048828125
2022-03-09,1342.8199462890625
2022-03-10,1352.949951171875
2022-03-11,1351.7099609375
2022-03-14,1347.81005859375
2022-03-15,1357.699951171875
2022-03-16,1361.219970703125
2022-03-17,1346.3299560546875
2022-03-18,1342.81005859375
2022-03-21,1336.5
2022-03-22,1341.800048828125
2022-03-23,1339.280029296875
2022-03-24,1340.5799560546875
2022-03-25,1342.8399658203125
2022-03-28,1344.219970703125
2022-03-29,1344.0999755859375
2022-03-30,1340.6700439453125
2022-03-31,1350.22998046875
2022-04-01,1343.469970703125
2022-04-04,1346.4000244140625
2022-04-05,1331.31005859375
2022-04-06,1328.1500244140625
2022-04-07,1326.25
2022-04-08,1327.47998046875
2022-04-11,1335.22998046875
2022-04-12,1342.97998046875
2022-04-13,1328.739990234375
2022-04-14,1331.1600341796875
2022-04-15,1330.8699951171875
2022-04-18,1330.93994140625
2022-04-19,1330.449951171875
2022-04-20,1336.97998046875
2022-04-21,1337.3199462890625
2022-04-22,1344.530029296875
2022-04-25,1323.1800537109375
2022-04-26,1337.6500244140625
2022-04-27,1340.550048828125
2022-04-28,1335.43994140625
2022-04-29,1334.8499755859375
2022-05-02,1331.1099853515625
2022-05-03,1330.77001953125
2022-05-04,1325.52001953125
2022-05-05,1328.2099609375
2022-05-06,1337.219970703125
2022-05-09,1337.75
2022-05-10,1345.6700439453125
2022-05-11,1343.43994140625
2022-05-12,1343.4000244140625
2022-05-13,1338.97998046875
2022-05-16,1329.510009765625
2022-05-17,1335.27001953125
2022-05-18,1334.7900390625
2022-05-19,1334.010009765625
2022-05-20,1336.1199951171875
2022-05-23,1344.3699951171875
2022-05-24,1343.3599853515625
2022-05-25,1352.5699462890625
2022-05-26,1353.1099853515625
2022-05-27,1351.280029296875
2022-05-30,1342.719970703125
2022-05-31,1330.5899658203125
2022-06-01,1332.3699951171875
2022-06-02,1327.219970703125
2022-06-03,1333.260009765625
2022-06-06,1339.949951171875
2022-06-07,1340.010009765625
2022-06-08,1342.1099853515625
2022-06-09,1345.8599853515625
2022-06-10,1341.0
2022-06-13,1343.010009765625
2022-06-14,1343.219970703125
2022-06-15,1343.1400146484375
2022-06-16,1334.97998046875
2022-06-17,1356.97998046875
2022-06-20,1354.5799560546875
2022-06-21,1357.1600341796875
2022-06-22,1358.3399658203125
2022-06-23,1368.22998046875
2022-06-24,1366.3399658203125
2022-06-27,1359.3499755859375
2022-06-28,1359.010009765625
2022-06-29,1358.050048828125
2022-06-30,1358.010009765625
2022-07-01,1348.0400390625
2022-07-04,1352.9000244140625
2022-07-05,1349.3199462890625
2022-07-06,1340.6600341796875
2022-07-07,1327.219970703125
2022-07-08,1317.4300537109375
2022-07-11,1317.3199462890625
2022-07-12,1315.3699951171875
2022-07-13,1308.3699951171875
2022-07-14,1309.4300537109375
2022-07-15,1318.8399658203125
2022-07-18,1329.6099853515625
2022-07-19,1337.030029296875
2022-07-20,1334.7099609375
2022-07-21,1335.1199951171875
2022-07-22,1334.93994140625
2022-07-25,1337.06005859375
2022-07-26,1338.5899658203125
2022-07-27,1326.6700439453125
2022-07-28,1332.0400390625
2022-07-29,1319.699951171875
2022-08-01,1331.5899658203125
2022-08-02,1340.1700439453125
2022-08-03,1335.31005859375
2022-08-04,1328.0400390625
2022-08-05,1334.22998046875
2022-08-08,1325.8599853515625
2022-08-09,1323.97998046875
2022-08-10,1333.6700439453125
2022-08-11,1335.06005859375
2022-08-12,1346.030029296875
2022-08-15,1334.3599853515625
2022-08-16,1333.260009765625
2022-08-17,1332.0799560546875
2022-08-18,1336.699951171875
2022-08-19,1336.7900390625
2022-08-22,1339.18994140625
2022-08-23,1333.300048828125
2022-08-24,1333.93994140625
2022-08-25,1334.9300537109375
2022-08-26,1329.47998046875
2022-08-29,1336.050048828125
2022-08-30,1344.550048828125
2022-08-31,1351.25
2022-09-01,1346.8499755859375
2022-09-02,1347.449951171875
2022-09-05,1355.6199951171875
2022-09-06,1360.2900390625
2022-09-07,1363.3199462890625
2022-09-08,1376.25
2022-09-09,1383.02001953125
2022-09-12,1384.489990234375
2022-09-13,1390.8800048828125
2022-09-14,1386.280029296875
2022-09-15,1386.5
2022-09-16,1396.1400146484375
2022-09-19,1386.530029296875
2022-09-20,1391.3800048828125
2022-09-21,1386.050048828125
2022-09-22,1371.75
2022-09-23,1382.5799560546875
2022-09-26,1377.469970703125
2022-09-27,1377.8499755859375
2022-09-28,1365.739990234375
2022-09-29,1383.0799560546875
2022-09-30,1404.0799560546875
2022-10-03,1410.7099609375
2022-10-04,1407.6300048828125
2022-10-05,1412.52001953125
2022-10-06,1400.4200439453125
2022-10-07,1376.8900146484375
2022-10-10,1379.06005859375
2022-10-11,1384.8900146484375
2022-10-12,1389.02001953125
2022-10-13,1381.6400146484375
2022-10-14,1397.8199462890625
2022-10-17,1400.3499755859375
2022-10-18,1408.0
2022-10-19,1403.8800048828125
2022-10-20,1399.0799560546875
2022-10-21,1397.5400390625
2022-10-24,1407.8800048828125
2022-10-25,1426.5
2022-10-26,1419.719970703125
2022-10-27,1423.550048828125
2022-10-28,1415.5899658203125
2022-10-31,1415.219970703125
2022-11-01,1408.9100341796875
2022-11-02,1397.7900390625
2022-11-03,1398.0
2022-11-04,1387.0899658203125
2022-11-07,1356.9287109375
2022-11-08,1394.3699951171875
2022-11-09,1384.31005859375
2022-11-10,1371.3800048828125
2022-11-11,1374.9599609375
2022-11-14,1359.1400146484375
2022-11-15,1364.9100341796875
2022-11-16,1362.31005859375
2022-11-17,1388.219970703125
2022-11-18,1390.1500244140625
2022-11-21,1382.4100341796875
2022-11-22,1391.9100341796875
2022-11-23,1392.77001953125
2022-11-24,1391.699951171875
2022-11-25,1380.56005859375
2022-11-28,1387.530029296875
2022-11-29,1386.4100341796875
2022-11-30,1367.4599609375
2022-12-01,1355.3599853515625
2022-12-02,1372.6700439453125
2022-12-05,1367.6199951171875
2022-12-06,1368.719970703125
2022-12-07,1379.9000244140625
2022-12-08,1380.5799560546875
2022-12-09,1388.8499755859375
2022-12-12,1371.81005859375
2022-12-13,1375.6500244140625
2022-12-14,1369.02001953125
2022-12-15,1382.5400390625
2022-12-16,1399.5
2022-12-19,1384.5899658203125
2022-12-20,1379.93994140625
2022-12-21,1362.81005859375
2022-12-22,1356.3499755859375
2022-12-23,1367.699951171875
2022-12-26,1359.1300048828125
2022-12-27,1358.219970703125
2022-12-28,1352.31005859375
2022-12-29,1351.280029296875
2022-12-30,1343.4300537109375
2023-01-02,1346.3499755859375
2023-01-03,1354.4000244140625
2023-01-04,1348.199951171875
2023-01-05,1347.1600341796875
2023-01-06,1339.4200439453125
2023-01-09,1332.8800048828125
2023-01-10,1328.9100341796875
2023-01-11,1331.2900390625
2023-01-12,1335.4100341796875
2023-01-13,1343.3499755859375
2023-01-16,1339.3499755859375
2023-01-17,1342.7099609375
2023-01-18,1333.3800048828125
2023-01-19,1335.449951171875
2023-01-20,1333.530029296875
2023-01-23,1334.8199462890625
2023-01-24,1335.9599609375
2023-01-25,1340.8399658203125
2023-01-26,1344.3399658203125
2023-01-27,1340.8199462890625
2023-01-30,1335.1800537109375
2023-01-31,1336.1600341796875
2023-02-01,1338.489990234375
2023-02-02,1344.469970703125
2023-02-03,1334.68994140625
2023-02-06,1344.1700439453125
2023-02-07,1351.4599609375
2023-02-08,1345.72998046875
2023-02-09,1349.5799560546875
2023-02-10,1357.1199951171875
2023-02-13,1352.1300048828125
2023-02-14,1364.06005859375
2023-02-15,1364.72998046875
2023-02-16,1371.280029296875
2023-02-17,1375.06005859375
2023-02-20,1384.4200439453125
2023-02-21,1384.1500244140625
2023-02-22,1389.47998046875
2023-02-23,1379.8800048828125
2023-02-24,1374.5699462890625
2023-02-27,1384.969970703125
2023-02-28,1397.050048828125
2023-03-01,1398.3699951171875
2023-03-02,1391.5
2023-03-03,1388.3199462890625
2023-03-06,1376.030029296875
2023-03-07,1384.72998046875
2023-03-08,1389.25
2023-03-09,1386.989990234375
2023-03-10,1401.530029296875
2023-03-13,1403.010009765625
2023-03-14,1389.0400390625
2023-03-15,1395.3599853515625
2023-03-16,1388.300048828125
2023-03-17,1379.3199462890625
2023-03-20,1394.93994140625
2023-03-21,1394.4599609375
2023-03-22,1402.27001953125
2023-03-23,1407.22998046875
2023-03-24,1389.449951171875
2023-03-27,1392.949951171875
2023-03-28,1398.1099853515625
2023-03-29,1404.93994140625
2023-03-30,1415.4000244140625
2023-03-31,1412.739990234375
2023-04-03,1415.27001953125
2023-04-04,1425.699951171875
2023-04-05,1434.780029296875
2023-04-06,1433.1300048828125
2023-04-07,1438.9100341796875
2023-04-10,1439.1199951171875
2023-04-11,1439.0699462890625
2023-04-12,1439.699951171875
2023-04-13,1452.7900390625
2023-04-14,1437.06005859375
2023-04-17,1432.6600341796875
2023-04-18,1439.75
2023-04-19,1443.1400146484375
2023-04-20,1452.97998046875
2023-04-21,1448.47998046875
2023-04-24,1459.530029296875
2023-04-25,1472.239990234375
2023-04-26,1468.52001953125
2023-04-27,1475.93994140625
2023-04-28,1474.75
2023-05-01,1472.6300048828125
2023-05-02,1473.4300537109375
2023-05-03,1474.3800048828125
2023-05-04,1474.260009765625
2023-05-05,1454.4100341796875
2023-05-08,1450.6800537109375
2023-05-09,1452.97998046875
2023-05-10,1451.1199951171875
2023-05-11,1444.4100341796875
2023-05-12,1451.4100341796875
2023-05-15,1455.010009765625
2023-05-16,1450.449951171875
2023-05-17,1456.550048828125
2023-05-18,1443.47998046875
2023-05-19,1436.489990234375
2023-05-22,1430.5799560546875
2023-05-23,1419.0899658203125
2023-05-24,1418.4599609375
2023-05-25,1414.8599853515625
2023-05-26,1424.760009765625
2023-05-29,1392.64599609375
2023-05-30,1414.97998046875
2023-05-31,1414.6600341796875
2023-06-01,1409.5799560546875
2023-06-02,1409.9599609375
2023-06-05,1396.75
2023-06-06,1392.1199951171875
2023-06-07,1388.449951171875
2023-06-08,1396.6400146484375
2023-06-09,1396.1099853515625
2023-06-12,1382.3199462890625
2023-06-13,1378.760009765625
2023-06-14,1365.1800537109375
2023-06-15,1377.550048828125
2023-06-16,1387.3399658203125
2023-06-19,1395.219970703125
2023-06-20,1398.0
2023-06-21,1403.81005859375
2023-06-22,1412.77001953125
2023-06-23,1419.0999755859375
2023-06-26,1424.18994140625
2023-06-27,1420.7900390625
2023-06-28,1421.22998046875
2023-06-29,1427.6199951171875
2023-06-30,1434.3199462890625
2023-07-03,1434.8499755859375
2023-07-04,1422.2900390625
2023-07-05,1407.6400146484375
2023-07-06,1413.510009765625
2023-07-07,1423.510009765625
2023-07-10,1422.6800537109375
2023-07-11,1427.8399658203125
2023-07-12,1419.030029296875
2023-07-13,1416.0799560546875
2023-07-14,1420.27001953125
2023-07-17,1423.469970703125
2023-07-18,1420.199951171875
2023-07-19,1418.2900390625
2023-07-20,1416.6500244140625
2023-07-21,1420.1300048828125
2023-07-24,1429.8900146484375
2023-07-25,1412.9599609375
2023-07-26,1407.239990234375
2023-07-27,1408.739990234375
2023-07-28,1406.56005859375
2023-07-31,1368.7989501953125
2023-08-01,1404.3599853515625
2023-08-02,1416.43994140625
2023-08-03,1418.489990234375
2023-08-04,1421.489990234375
2023-08-07,1402.9620361328125
2023-08-08,1437.699951171875
2023-08-09,1442.5799560546875
2023-08-10,1441.0400390625
2023-08-11,1443.18994140625
2023-08-14,1423.823974609375
2023-08-15,1458.4100341796875
2023-08-16,1453.8800048828125
2023-08-17,1458.75
2023-08-18,1455.2900390625
2023-08-21,1454.780029296875
2023-08-22,1459.8399658203125
2023-08-23,1452.6800537109375
2023-08-24,1442.0999755859375
2023-08-25,1431.6199951171875
2023-08-28,1432.5
2023-08-29,1431.27001953125
2023-08-30,1435.5400390625
2023-08-31,1444.8499755859375
2023-09-01,1441.260009765625
2023-09-04,1400.14599609375
2023-09-05,1428.4000244140625
2023-09-06,1428.56005859375
2023-09-07,1430.1199951171875
2023-09-08,1427.8299560546875
2023-09-11,1398.5810546875
2023-09-12,1422.75
2023-09-13,1424.9200439453125
2023-09-14,1424.050048828125
2023-09-15,1413.699951171875
2023-09-18,1413.0400390625
2023-09-19,1422.3399658203125
2023-09-20,1416.4000244140625
2023-09-21,1419.31005859375
2023-09-22,1426.9000244140625
2023-09-25,1420.0699462890625
2023-09-26,1393.93994140625
2023-09-27,1429.3599853515625
2023-09-28,1423.739990234375
2023-09-29,1428.47998046875
2023-10-02,1395.1800537109375
2023-10-03,1420.7900390625
2023-10-04,1425.3800048828125
2023-10-05,1408.3800048828125
2023-10-06,1414.22998046875
2023-10-09,1423.31005859375
2023-10-10,1426.6099853515625
2023-10-11,1426.1300048828125
2023-10-12,1421.3199462890625
2023-10-13,1417.47998046875
2023-10-16,1420.489990234375
2023-10-17,1421.8599853515625
2023-10-18,1429.6300048828125
2023-10-19,1425.510009765625
2023-10-20,1436.239990234375
2023-10-23,1429.5799560546875
2023-10-24,1424.8699951171875
2023-10-25,1413.4200439453125
2023-10-26,1427.4300537109375
2023-10-27,1423.510009765625
2023-10-30,1401.136962890625
2023-10-31,1430.47998046875
2023-11-01,1429.9599609375
2023-11-02,1424.219970703125
2023-11-03,1415.239990234375
2023-11-06,1403.8900146484375
2023-11-07,1390.9300537109375
2023-11-08,1395.1099853515625
2023-11-09,1400.22998046875
2023-11-10,1403.5400390625
2023-11-13,1376.970947265625
2023-11-14,1414.219970703125
2023-11-15,1421.530029296875
2023-11-16,1413.93994140625
2023-11-17,1402.8900146484375
2023-11-20,1379.0250244140625
2023-11-21,1408.219970703125
2023-11-22,1412.219970703125
2023-11-23,1411.3199462890625
2023-11-24,1415.1300048828125
2023-11-27,1425.75
2023-11-28,1428.0
2023-11-29,1416.3599853515625
2023-11-30,1416.0400390625
2023-12-01,1415.2099609375
2023-12-04,1391.9200439453125
2023-12-05,1416.8900146484375
2023-12-06,1416.5999755859375
2023-12-07,1420.3900146484375
2023-12-08,1416.3800048828125
2023-12-11,1381.0699462890625
2023-12-12,1416.0699462890625
2023-12-13,1414.3299560546875
2023-12-14,1408.989990234375
2023-12-15,1420.969970703125
2023-12-18,1388.125
2023-12-19,1428.02001953125
2023-12-20,1427.8900146484375
2023-12-21,1426.0799560546875
2023-12-22,1429.5
2023-12-25,1401.4599609375
2023-12-26,1429.1700439453125
2023-12-27,1429.1700439453125
2023-12-28,1433.010009765625
2023-12-29,1425.449951171875
2024-01-01,1431.77001953125
2024-01-02,1400.18701171875
2024-01-03,1433.3399658203125
2024-01-04,1429.1199951171875
2024-01-05,1437.31005859375
2024-01-08,1403.0479736328125
2024-01-09,1438.5799560546875
2024-01-10,1442.800048828125
2024-01-11,1445.510009765625
2024-01-12,1440.4599609375
2024-01-15,1436.949951171875
2024-01-16,1444.18994140625
2024-01-17,1452.4100341796875
2024-01-18,1462.25
2024-01-19,1454.68994140625
2024-01-22,1424.2550048828125
2024-01-23,1456.3800048828125
2024-01-24,1452.72998046875
2024-01-25,1449.469970703125
2024-01-26,1447.4200439453125
2024-01-29,1449.6400146484375
2024-01-30,1442.3599853515625
2024-01-31,1439.75
2024-02-01,1440.699951171875
2024-02-02,1444.72998046875
2024-02-05,1409.2919921875
2024-02-06,1431.18994140625
2024-02-07,1429.93994140625
2024-02-08,1431.1800537109375
2024-02-09,1433.9300537109375
2024-02-12,1432.780029296875
2024-02-13,1430.0799560546875
2024-02-14,1434.8699951171875
2024-02-15,1426.239990234375
2024-02-16,1431.1199951171875
2024-02-19,1434.56005859375
2024-02-20,1436.6300048828125
2024-02-21,1440.4000244140625
2024-02-22,1442.5400390625
2024-02-23,1434.22998046875
2024-02-26,1438.81005859375
2024-02-27,1443.719970703125
2024-02-28,1444.5999755859375
2024-02-29,1446.1300048828125
2024-03-01,1441.0
2024-03-04,1443.0799560546875
2024-03-05,1445.1500244140625
2024-03-06,1448.3800048828125
2024-03-07,1448.6300048828125
2024-03-08,1448.8399658203125
2024-03-11,1439.8800048828125
2024-03-12,1431.4100341796875
2024-03-13,1429.52001953125
2024-03-14,1437.5699462890625
2024-03-15,1439.0799560546875
2024-03-18,1418.593994140625
2024-03-19,1451.989990234375
2024-03-20,1451.77001953125
2024-03-21,1452.1600341796875
2024-03-22,1446.43994140625
2024-03-25,1451.989990234375
2024-03-26,1451.0699462890625
2024-03-27,1451.510009765625
2024-03-28,1461.0699462890625
2024-03-29,1454.52001953125
2024-04-01,1454.6300048828125
2024-04-02,1424.626953125
2024-04-03,1455.02001953125
2024-04-04,1458.1400146484375
2024-04-05,1463.6400146484375
2024-04-08,1435.4329833984375
2024-04-09,1466.8299560546875
2024-04-10,1468.9200439453125
2024-04-11,1463.7900390625
2024-04-12,1467.2900390625
2024-04-15,1467.2900390625
2024-04-16,1474.949951171875
2024-04-17,1477.3699951171875
2024-04-18,1468.5
2024-04-19,1465.300048828125
2024-04-22,1439.1199951171875
2024-04-23,1464.22998046875
2024-04-24,1468.550048828125
2024-04-25,1470.4599609375
2024-04-26,1471.3800048828125
2024-04-29,1470.550048828125
2024-04-30,1472.5400390625
2024-05-01,1477.3800048828125
2024-05-02,1477.010009765625
2024-05-03,1465.4200439453125
2024-05-06,1432.93994140625
2024-05-07,1460.4000244140625
2024-05-08,1461.02001953125
2024-05-09,1465.3699951171875
2024-05-10,1469.8699951171875
2024-05-13,1443.3599853515625
2024-05-14,1473.780029296875
2024-05-15,1475.6400146484375
2024-05-16,1473.5999755859375
2024-05-17,1465.2099609375
2024-05-20,1441.259033203125
2024-05-21,1476.9200439453125
2024-05-22,1479.280029296875
2024-05-23,1476.18994140625
2024-05-24,1475.989990234375
2024-05-27,1451.9425048828125
2024-05-28,1476.469970703125
2024-05-29,1478.6600341796875
2024-05-30,1478.1199951171875
2024-05-31,1489.31005859375
2024-06-03,1499.3399658203125
2024-06-04,1494.4000244140625
2024-06-05,1494.0699462890625
2024-06-06,1488.969970703125
2024-06-07,1486.6300048828125
2024-06-10,1489.260009765625
2024-06-11,1478.300048828125
2024-06-12,1480.0
2024-06-13,1480.3199462890625
2024-06-14,1476.97998046875
2024-06-17,1449.8455810546875
2024-06-18,1481.3299560546875
2024-06-19,1482.27001953125
2024-06-20,1483.8599853515625
2024-06-21,1491.56005859375
2024-06-24,1453.3131103515625
2024-06-25,1487.1300048828125
2024-06-26,1487.6300048828125
2024-06-27,1488.3399658203125
2024-06-28,1484.1700439453125
2024-07-01,1477.8900146484375
2024-07-02,1483.93994140625
2024-07-03,1487.199951171875
2024-07-04,1496.030029296875
2024-07-05,1491.780029296875
2024-07-08,1465.1600341796875
2024-07-09,1494.6400146484375
2024-07-10,1498.3599853515625
2024-07-11,1500.300048828125
2024-07-12,1488.260009765625
2024-07-15,1469.267333984375
2024-07-16,1507.6099853515625
2024-07-17,1506.31005859375
2024-07-18,1510.6300048828125
2024-07-19,1508.6800537109375
2024-07-22,1478.938232421875
2024-07-23,1508.1099853515625
2024-07-24,1502.6099853515625
2024-07-25,1497.989990234375
2024-07-26,1498.5899658203125
2024-07-29,1500.7900390625
2024-07-30,1493.6500244140625
2024-07-31,1495.260009765625
2024-08-01,1481.1099853515625
2024-08-02,1475.5400390625
2024-08-05,1481.02001953125
2024-08-06,1493.77001953125
2024-08-07,1493.199951171875
2024-08-08,1500.8599853515625
2024-08-09,1499.0799560546875
2024-08-12,1489.1800537109375
2024-08-13,1496.719970703125
2024-08-14,1497.449951171875
2024-08-15,1497.1700439453125
2024-08-16,1498.1099853515625
2024-08-19,1487.219970703125
2024-08-20,1477.1199951171875
2024-08-21,1478.0699462890625
2024-08-22,1488.4599609375
2024-08-23,1483.93994140625
2024-08-26,1459.5999755859375
2024-08-27,1472.760009765625
2024-08-28,1486.06005859375
2024-08-29,1485.68994140625
2024-08-30,1476.06005859375
2024-09-02,1476.6700439453125
2024-09-03,1479.719970703125
2024-09-04,1478.7099609375
2024-09-05,1475.5
2024-09-06,1480.02001953125
2024-09-09,1482.3199462890625
2024-09-10,1482.1700439453125
2024-09-11,1479.6300048828125
2024-09-12,1473.8699951171875
2024-09-13,1480.1400146484375
2024-09-16,1442.4599609375
2024-09-17,1475.5899658203125
2024-09-18,1471.050048828125
2024-09-19,1469.469970703125
2024-09-20,1481.5699462890625
2024-09-23,1485.510009765625
2024-09-24,1484.260009765625
2024-09-25,1480.6700439453125
2024-09-26,1485.6099853515625
2024-09-27,1467.18994140625
2024-09-30,1461.1199951171875
2024-10-01,1465.0799560546875
2024-10-02,1465.4100341796875
2024-10-03,1462.1500244140625
2024-10-04,1468.6199951171875
2024-10-07,1476.8199462890625
2024-10-08,1478.4000244140625
2024-10-09,1471.739990234375
2024-10-10,1472.280029296875
2024-10-11,1474.5
2024-10-14,1474.3800048828125
2024-10-15,1478.719970703125
2024-10-16,1482.3900146484375
2024-10-17,1480.969970703125
2024-10-18,1485.3800048828125
2024-10-21,1456.25
2024-10-22,1490.6600341796875
2024-10-23,1488.469970703125
2024-10-24,1487.1199951171875
2024-10-25,1491.9200439453125
2024-10-28,1497.5400390625
2024-10-29,1493.81005859375
2024-10-30,1496.1099853515625
2024-10-31,1494.47998046875
2024-11-01,1496.1500244140625
2024-11-04,1468.93994140625
2024-11-05,1493.4100341796875
2024-11-06,1505.1400146484375
2024-11-07,1502.3900146484375
2024-11-08,1494.3399658203125
2024-11-11,1495.8699951171875
2024-11-12,1490.8499755859375
2024-11-13,1494.0899658203125
2024-11-14,1483.8599853515625
2024-11-15,1479.8800048828125
2024-11-18,1467.6800537109375
2024-11-19,1474.4599609375
2024-11-20,1500.6600341796875
2024-11-21,1474.06005859375
2024-11-22,1464.3599853515625
2024-11-25,1463.050048828125
2024-11-26,1468.0999755859375
2024-11-27,1463.050048828125
2024-11-28,1468.75
2024-11-29,1462.3599853515625
2024-12-02,1473.3199462890625
2024-12-03,1474.68994140625
2024-12-04,1484.27001953125
2024-12-05,1484.22998046875
2024-12-06,1507.699951171875
2024-12-09,1471.969970703125
2024-12-10,1506.75
2024-12-11,1509.6800537109375
2024-12-12,1500.06005859375
2024-12-13,1496.469970703125
2024-12-16,1471.1112060546875
2024-12-17,1508.6700439453125
2024-12-18,1505.2099609375
2024-12-19,1503.260009765625
2024-12-20,1496.43994140625
2024-12-23,1505.3699951171875
2024-12-24,1510.8299560546875
2024-12-25,1514.3599853515625
2024-12-26,1506.68994140625
2024-12-27,1506.68994140625
2024-12-30,1506.699951171875
2024-12-31,1527.8599853515625
2025-01-02,1528.4599609375
2025-01-03,1509.47998046875
2025-01-06,1482.050048828125
2025-01-07,1517.9300537109375
2025-01-08,1501.27001953125
2025-01-09,1503.02001953125
2025-01-10,1500.3399658203125
2025-01-13,1509.760009765625
2025-01-14,1505.6500244140625
2025-01-15,1505.0799560546875
2025-01-16,1498.280029296875
2025-01-17,1499.6099853515625
2025-01-20,1470.787841796875
2025-01-21,1503.1700439453125
2025-01-22,1491.5400390625
2025-01-23,1491.9200439453125
2025-01-24,1491.550048828125
2025-01-27,1499.030029296875
2025-01-28,1501.22998046875
2025-01-29,1506.68994140625
2025-01-30,1504.02001953125
2025-01-31,1498.18994140625
2025-02-03,1476.4892578125
2025-02-04,1506.050048828125
2025-02-05,1503.8399658203125
2025-02-06,1499.0
2025-02-07,1498.2900390625
2025-02-10,1501.5
2025-02-11,1496.43994140625
2025-02-12,1503.3499755859375
2025-02-13,1507.8299560546875
2025-02-14,1505.56005859375
2025-02-17,1510.550048828125
2025-02-18,1510.43994140625
2025-02-19,1504.530029296875
2025-02-20,1500.699951171875
2025-02-21,1502.800048828125
2025-02-24,1498.6800537109375
2025-02-25,1495.1099853515625
2025-02-26,1506.3199462890625
2025-02-27,1501.7099609375
2025-02-28,1506.93994140625
2025-03-03,1515.1800537109375
2025-03-04,1527.6700439453125
2025-03-05,1543.3299560546875
2025-03-06,1558.18994140625
2025-03-07,1560.9200439453125
2025-03-10,1569.760009765625
2025-03-11,1579.0999755859375
2025-03-12,1583.4300537109375
2025-03-13,1579.6700439453125
2025-03-14,1576.050048828125
2025-03-17,1577.7099609375
2025-03-18,1575.239990234375
2025-03-19,1585.06005859375
2025-03-20,1592.8900146484375
2025-03-21,1591.25
2025-03-24,1581.43994140625
2025-03-25,1583.0899658203125
2025-03-26,1576.97998046875
2025-03-27,1573.5899658203125
2025-03-28,1578.5799560546875
2025-03-31,1591.0999755859375
2025-04-01,1591.969970703125
2025-04-02,1586.5999755859375
2025-04-03,1598.6400146484375
2025-04-04,1601.56005859375
2025-04-07,1597.4200439453125
2025-04-08,1603.9599609375
2025-04-09,1631.3299560546875
2025-04-10,1583.050048828125
2025-04-11,1634.3599853515625
2025-04-14,1611.510009765625
2025-04-15,1608.8699951171875
2025-04-16,1611.0400390625
2025-04-17,1611.719970703125
2025-04-22,1611.25
2025-04-23,1621.8900146484375
2025-04-24,1615.52001953125
2025-04-25,1625.75
2025-04-28,1633.8800048828125
2025-04-29,1637.1300048828125
2025-04-30,1629.5999755859375
2025-05-01,1611.8499755859375
2025-05-02,1612.4100341796875
2025-05-05,1580.02001953125
2025-05-06,1554.489990234375
2025-05-07,1558.81005859375
2025-05-08,1579.1400146484375
2025-05-09,1576.280029296875
2025-05-12,1568.93994140625
2025-05-13,1570.6800537109375
2025-05-14,1583.489990234375
2025-05-15,1573.1300048828125
2025-05-16,1563.239990234375
2025-05-19,1559.489990234375
2025-05-20,1560.0899658203125
2025-05-21,1570.969970703125
2025-05-22,1553.6500244140625
2025-05-23,1558.68994140625
2025-05-26,1550.6400146484375
2025-05-27,1557.9599609375
2025-05-28,1558.1199951171875
2025-05-29,1542.75
2025-05-30,1558.219970703125
2025-06-02,1561.0400390625
2025-06-03,1575.3299560546875
2025-06-04,1566.949951171875
2025-06-05,1555.0799560546875
2025-06-06,1550.760009765625
2025-06-09,1543.68994140625
2025-06-10,1543.47998046875
2025-06-11,1557.699951171875
2025-06-12,1573.989990234375
2025-06-13,1575.8800048828125
2025-06-16,1577.239990234375
2025-06-17,1563.18994140625
2025-06-18,1581.3599853515625
2025-06-19,1576.530029296875
2025-06-20,1583.449951171875
2025-06-23,1579.530029296875
2025-06-24,1588.7900390625
2025-06-25,1573.81005859375
2025-06-26,1584.699951171875
2025-06-27,1583.0
2025-06-30,1563.2900390625
2025-07-01,1591.8199462890625
2025-07-02,1595.050048828125
2025-07-03,1594.3299560546875
2025-07-04,1597.68994140625
2025-07-07,1603.760009765625
2025-07-08,1612.739990234375
2025-07-09,1606.6400146484375
2025-07-10,1609.4100341796875
2025-07-11,1606.2900390625
2025-07-14,1611.5
2025-07-15,1611.989990234375
2025-07-16,1608.550048828125
2025-07-17,1610.8800048828125
2025-07-18,1616.4200439453125
2025-07-21,1615.77001953125
2025-07-22,1615.5899658203125
2025-07-23,1620.3900146484375
2025-07-24,1617.300048828125
2025-07-25,1612.3499755859375
2025-07-28,1624.1600341796875
2025-07-29,1609.5799560546875
2025-07-30,1602.989990234375
2025-07-31,1590.27001953125
2025-08-01,1587.9200439453125
2025-08-04,1597.5
2025-08-05,1601.9000244140625
2025-08-06,1604.239990234375
2025-08-07,1613.97998046875
2025-08-08,1616.9000244140625
2025-08-11,1612.510009765625
2025-08-12,1613.68994140625
2025-08-13,1615.0
2025-08-14,1613.6099853515625
2025-08-15,1616.4200439453125
2025-08-18,1622.8900146484375
2025-08-19,1617.8800048828125
2025-08-20,1619.969970703125
2025-08-21,1627.1600341796875
2025-08-22,1624.72998046875
2025-08-25,1616.77001953125
2025-08-26,1613.1700439453125
2025-08-27,1622.72998046875
2025-08-28,1620.93994140625
2025-08-29,1616.1800537109375
2025-09-01,1601.68994140625
