날짜,GBP_KRW_환율
2015-09-07,1824.0999755859375
2015-09-08,1836.800048828125
2015-09-09,1838.300048828125
2015-09-10,1829.0999755859375
2015-09-11,1823.4000244140625
2015-09-14,1823.5999755859375
2015-09-15,1822.199951171875
2015-09-16,1806.9000244140625
2015-09-17,1815.0
2015-09-18,1814.0
2015-09-21,1821.0999755859375
2015-09-22,1825.0
2015-09-23,1817.199951171875
2015-09-24,1819.199951171875
2015-09-25,1811.4000244140625
2015-09-28,1811.199951171875
2015-09-29,1810.9000244140625
2015-09-30,1810.800048828125
2015-10-01,1791.300048828125
2015-10-02,1782.699951171875
2015-10-05,1777.5
2015-10-06,1757.5999755859375
2015-10-07,1766.199951171875
2015-10-08,1772.5
2015-10-09,1768.300048828125
2015-10-12,1755.0
2015-10-13,1752.800048828125
2015-10-14,1752.4000244140625
2015-10-15,1758.4000244140625
2015-10-16,1735.5999755859375
2015-10-19,1743.5
2015-10-20,1749.699951171875
2015-10-21,1745.4000244140625
2015-10-22,1756.300048828125
2015-10-23,1737.5
2015-10-26,1737.5999755859375
2015-10-27,1734.199951171875
2015-10-28,1736.9000244140625
2015-10-29,1747.0
2015-10-30,1747.199951171875
2015-11-02,1757.5999755859375
2015-11-03,1753.5999755859375
2015-11-04,1739.300048828125
2015-11-05,1743.9000244140625
2015-11-06,1728.699951171875
2015-11-09,1734.199951171875
2015-11-10,1750.5999755859375
2015-11-11,1751.9000244140625
2015-11-12,1757.300048828125
2015-11-13,1763.5999755859375
2015-11-16,1792.0999755859375
2015-11-17,1774.9000244140625
2015-11-18,1778.699951171875
2015-11-19,1775.199951171875
2015-11-20,1763.800048828125
2015-11-23,1718.199951171875
2015-11-24,1750.300048828125
2015-11-25,1727.9000244140625
2015-11-26,1729.0999755859375
2015-11-27,1732.0999755859375
2015-11-30,1738.800048828125
2015-12-01,1745.0
2015-12-02,1740.5
2015-12-03,1735.9000244140625
2015-12-04,1744.800048828125
2015-12-07,1757.0
2015-12-08,1767.800048828125
2015-12-09,1769.5999755859375
2015-12-10,1791.9000244140625
2015-12-11,1784.9000244140625
2015-12-14,1754.199951171875
2015-12-15,1795.0999755859375
2015-12-16,1764.9000244140625
2015-12-17,1752.699951171875
2015-12-18,1766.699951171875
2015-12-21,1759.800048828125
2015-12-22,1749.300048828125
2015-12-23,1733.5999755859375
2015-12-24,1744.0
2015-12-25,1698.300048828125
2015-12-28,1699.9000244140625
2015-12-29,1737.5999755859375
2015-12-30,1734.0999755859375
2015-12-31,1742.4000244140625
2016-01-01,1698.5999755859375
2016-01-04,1699.0999755859375
2016-01-05,1748.0
2016-01-06,1745.300048828125
2016-01-07,1754.300048828125
2016-01-08,1749.300048828125
2016-01-11,1692.9000244140625
2016-01-12,1750.300048828125
2016-01-13,1745.4000244140625
2016-01-14,1744.5999755859375
2016-01-15,1741.0
2016-01-18,1691.800048828125
2016-01-19,1724.0
2016-01-20,1710.0999755859375
2016-01-21,1714.699951171875
2016-01-22,1711.199951171875
2016-01-25,1705.300048828125
2016-01-26,1706.5
2016-01-27,1717.300048828125
2016-01-28,1719.9000244140625
2016-01-29,1731.5999755859375
2016-02-01,1678.300048828125
2016-02-02,1733.699951171875
2016-02-03,1746.800048828125
2016-02-04,1750.0999755859375
2016-02-05,1737.5999755859375
2016-02-08,1750.5
2016-02-09,1736.5
2016-02-10,1733.0
2016-02-11,1726.199951171875
2016-02-12,1734.0999755859375
2016-02-15,1718.4000244140625
2016-02-16,1751.699951171875
2016-02-17,1739.800048828125
2016-02-18,1748.699951171875
2016-02-19,1759.199951171875
2016-02-22,1759.9000244140625
2016-02-23,1728.0999755859375
2016-02-24,1724.4000244140625
2016-02-25,1716.0
2016-02-26,1721.5999755859375
2016-02-29,1687.5
2016-03-01,1722.300048828125
2016-03-02,1711.4000244140625
2016-03-03,1724.800048828125
2016-03-04,1715.800048828125
2016-03-07,1667.0
2016-03-08,1709.5999755859375
2016-03-09,1717.800048828125
2016-03-10,1716.800048828125
2016-03-11,1721.199951171875
2016-03-14,1660.300048828125
2016-03-15,1694.5999755859375
2016-03-16,1688.199951171875
2016-03-17,1676.5999755859375
2016-03-18,1669.800048828125
2016-03-21,1681.199951171875
2016-03-22,1666.5
2016-03-23,1643.199951171875
2016-03-24,1646.9000244140625
2016-03-25,1650.699951171875
2016-03-28,1651.4000244140625
2016-03-29,1660.300048828125
2016-03-30,1663.800048828125
2016-03-31,1639.9000244140625
2016-04-01,1639.9000244140625
2016-04-04,1630.5999755859375
2016-04-05,1638.9000244140625
2016-04-06,1640.5
2016-04-07,1630.300048828125
2016-04-08,1625.5
2016-04-11,1625.4000244140625
2016-04-12,1624.199951171875
2016-04-13,1626.9000244140625
2016-04-14,1623.5999755859375
2016-04-15,1629.0999755859375
2016-04-18,1621.9000244140625
2016-04-19,1632.5
2016-04-20,1620.4000244140625
2016-04-21,1621.5
2016-04-22,1631.0999755859375
2016-04-25,1658.0999755859375
2016-04-26,1665.0
2016-04-27,1669.0999755859375
2016-04-28,1667.5
2016-04-29,1657.0999755859375
2016-05-02,1668.0999755859375
2016-05-03,1665.9000244140625
2016-05-04,1673.4000244140625
2016-05-05,1690.5999755859375
2016-05-06,1688.699951171875
2016-05-09,1688.5999755859375
2016-05-10,1691.800048828125
2016-05-11,1690.0999755859375
2016-05-12,1679.800048828125
2016-05-13,1686.800048828125
2016-05-16,1684.699951171875
2016-05-17,1700.0999755859375
2016-05-18,1696.9000244140625
2016-05-19,1733.199951171875
2016-05-20,1731.9000244140625
2016-05-23,1723.4000244140625
2016-05-24,1711.4000244140625
2016-05-25,1733.0999755859375
2016-05-26,1732.800048828125
2016-05-27,1727.9000244140625
2016-05-30,1734.199951171875
2016-05-31,1753.9000244140625
2016-06-01,1721.0999755859375
2016-06-02,1717.300048828125
2016-06-03,1706.699951171875
2016-06-06,1674.5
2016-06-07,1674.300048828125
2016-06-08,1679.199951171875
2016-06-09,1671.0
2016-06-10,1672.5999755859375
2016-06-13,1662.199951171875
2016-06-14,1663.199951171875
2016-06-15,1657.5999755859375
2016-06-16,1657.0999755859375
2016-06-17,1669.5
2016-06-20,1694.5
2016-06-21,1701.699951171875
2016-06-22,1690.0999755859375
2016-06-23,1701.199951171875
2016-06-24,1666.4000244140625
2016-06-27,1586.5
2016-06-28,1559.0
2016-06-29,1556.5
2016-06-30,1552.199951171875
2016-07-01,1535.0
2016-07-04,1527.0
2016-07-05,1529.5
2016-07-06,1498.199951171875
2016-07-07,1493.300048828125
2016-07-08,1493.0
2016-07-11,1488.0
2016-07-12,1490.5999755859375
2016-07-13,1516.5999755859375
2016-07-14,1499.9000244140625
2016-07-15,1507.699951171875
2016-07-18,1500.800048828125
2016-07-19,1504.199951171875
2016-07-20,1494.0
2016-07-21,1514.300048828125
2016-07-22,1505.4000244140625
2016-07-25,1491.0
2016-07-26,1497.5
2016-07-27,1492.5
2016-07-28,1495.300048828125
2016-07-29,1479.0999755859375
2016-08-01,1434.300048828125
2016-08-02,1457.9000244140625
2016-08-03,1484.0
2016-08-04,1484.199951171875
2016-08-05,1457.5
2016-08-08,1457.199951171875
2016-08-09,1440.800048828125
2016-08-10,1431.0999755859375
2016-08-11,1424.9000244140625
2016-08-12,1420.0999755859375
2016-08-15,1422.800048828125
2016-08-16,1412.9000244140625
2016-08-17,1425.0
2016-08-18,1441.5
2016-08-19,1456.199951171875
2016-08-22,1458.4000244140625
2016-08-23,1474.0
2016-08-24,1476.4000244140625
2016-08-25,1481.699951171875
2016-08-26,1469.4000244140625
2016-08-29,1472.0999755859375
2016-08-30,1465.300048828125
2016-08-31,1463.4000244140625
2016-09-01,1463.0999755859375
2016-09-02,1481.5
2016-09-05,1481.9000244140625
2016-09-06,1467.800048828125
2016-09-07,1468.4000244140625
2016-09-08,1452.0
2016-09-09,1459.4000244140625
2016-09-12,1429.9000244140625
2016-09-13,1476.5999755859375
2016-09-14,1485.5
2016-09-15,1493.0999755859375
2016-09-16,1488.0999755859375
2016-09-19,1436.199951171875
2016-09-20,1458.0
2016-09-21,1448.5999755859375
2016-09-22,1439.0
2016-09-23,1441.0999755859375
2016-09-26,1429.5
2016-09-27,1435.5999755859375
2016-09-28,1425.4000244140625
2016-09-29,1422.0999755859375
2016-09-30,1427.5999755859375
2016-10-03,1424.5999755859375
2016-10-04,1417.300048828125
2016-10-05,1419.300048828125
2016-10-06,1419.199951171875
2016-10-07,1381.800048828125
2016-10-10,1386.699951171875
2016-10-11,1364.699951171875
2016-10-12,1380.4000244140625
2016-10-13,1368.9000244140625
2016-10-14,1378.199951171875
2016-10-17,1383.0
2016-10-18,1387.0999755859375
2016-10-19,1382.5999755859375
2016-10-20,1375.300048828125
2016-10-21,1384.699951171875
2016-10-24,1354.800048828125
2016-10-25,1385.0
2016-10-26,1374.4000244140625
2016-10-27,1391.0999755859375
2016-10-28,1394.800048828125
2016-10-31,1400.199951171875
2016-11-01,1398.300048828125
2016-11-02,1401.5
2016-11-03,1408.300048828125
2016-11-04,1424.800048828125
2016-11-07,1429.800048828125
2016-11-08,1413.0999755859375
2016-11-09,1396.800048828125
2016-11-10,1435.4000244140625
2016-11-11,1462.300048828125
2016-11-14,1468.0
2016-11-15,1461.4000244140625
2016-11-16,1452.0999755859375
2016-11-17,1453.5999755859375
2016-11-18,1462.699951171875
2016-11-21,1421.699951171875
2016-11-22,1472.300048828125
2016-11-23,1450.5
2016-11-24,1467.0999755859375
2016-11-25,1470.0
2016-11-28,1463.0999755859375
2016-11-29,1451.0
2016-11-30,1458.4000244140625
2016-12-01,1474.0999755859375
2016-12-02,1469.800048828125
2016-12-05,1489.0
2016-12-06,1484.699951171875
2016-12-07,1483.0
2016-12-08,1460.9000244140625
2016-12-09,1461.199951171875
2016-12-12,1439.199951171875
2016-12-13,1477.0999755859375
2016-12-14,1472.5999755859375
2016-12-15,1477.9000244140625
2016-12-16,1471.0
2016-12-19,1480.699951171875
2016-12-20,1469.5
2016-12-21,1472.5999755859375
2016-12-22,1473.4000244140625
2016-12-23,1480.0999755859375
2016-12-26,1473.5999755859375
2016-12-27,1471.9000244140625
2016-12-28,1480.5
2016-12-29,1479.199951171875
2016-12-30,1480.4000244140625
2017-01-02,1488.0
2017-01-03,1476.4000244140625
2017-01-04,1476.0999755859375
2017-01-05,1472.0
2017-01-06,1466.4000244140625
2017-01-09,1471.800048828125
2017-01-10,1463.199951171875
2017-01-11,1460.4000244140625
2017-01-12,1449.5999755859375
2017-01-13,1428.4000244140625
2017-01-16,1415.0999755859375
2017-01-17,1422.5
2017-01-18,1436.5999755859375
2017-01-19,1442.300048828125
2017-01-20,1447.4000244140625
2017-01-23,1452.699951171875
2017-01-24,1454.9000244140625
2017-01-25,1463.4000244140625
2017-01-26,1466.699951171875
2017-01-27,1473.800048828125
2017-01-30,1480.0
2017-01-31,1461.0
2017-02-01,1446.300048828125
2017-02-02,1457.699951171875
2017-02-03,1430.0999755859375
2017-02-06,1390.699951171875
2017-02-07,1411.5999755859375
2017-02-08,1426.5999755859375
2017-02-09,1433.5999755859375
2017-02-10,1436.4000244140625
2017-02-13,1403.4000244140625
2017-02-14,1437.699951171875
2017-02-15,1418.4000244140625
2017-02-16,1413.0999755859375
2017-02-17,1424.5
2017-02-20,1395.800048828125
2017-02-21,1426.4000244140625
2017-02-22,1424.4000244140625
2017-02-23,1416.5999755859375
2017-02-24,1420.5
2017-02-27,1401.199951171875
2017-02-28,1409.800048828125
2017-03-01,1406.5999755859375
2017-03-02,1398.300048828125
2017-03-03,1410.5
2017-03-06,1416.0999755859375
2017-03-07,1412.4000244140625
2017-03-08,1402.0999755859375
2017-03-09,1404.0
2017-03-10,1408.5999755859375
2017-03-13,1393.5999755859375
2017-03-14,1400.199951171875
2017-03-15,1395.4000244140625
2017-03-16,1384.199951171875
2017-03-17,1391.0999755859375
2017-03-20,1361.800048828125
2017-03-21,1376.699951171875
2017-03-22,1400.699951171875
2017-03-23,1392.0
2017-03-24,1402.9000244140625
2017-03-27,1391.0
2017-03-28,1394.699951171875
2017-03-29,1385.0
2017-03-30,1380.300048828125
2017-03-31,1393.0999755859375
2017-04-03,1397.800048828125
2017-04-04,1393.5
2017-04-05,1397.800048828125
2017-04-06,1406.800048828125
2017-04-07,1408.5999755859375
2017-04-10,1376.199951171875
2017-04-11,1418.300048828125
2017-04-12,1429.199951171875
2017-04-13,1421.9000244140625
2017-04-14,1418.800048828125
2017-04-17,1385.5999755859375
2017-04-18,1384.0999755859375
2017-04-19,1466.0999755859375
2017-04-20,1458.9000244140625
2017-04-21,1455.199951171875
2017-04-24,1433.800048828125
2017-04-25,1448.0
2017-04-26,1443.4000244140625
2017-04-27,1453.5999755859375
2017-04-28,1457.5
2017-05-01,1468.0
2017-05-02,1464.9000244140625
2017-05-03,1458.800048828125
2017-05-04,1457.4000244140625
2017-05-05,1466.4000244140625
2017-05-08,1475.4000244140625
2017-05-09,1465.4000244140625
2017-05-10,1472.9000244140625
2017-05-11,1460.699951171875
2017-05-12,1447.4000244140625
2017-05-15,1446.300048828125
2017-05-16,1441.5
2017-05-17,1440.0999755859375
2017-05-18,1454.9000244140625
2017-05-19,1461.5999755859375
2017-05-22,1453.0
2017-05-23,1448.0
2017-05-24,1456.699951171875
2017-05-25,1451.0999755859375
2017-05-26,1447.199951171875
2017-05-29,1433.300048828125
2017-05-30,1438.4000244140625
2017-05-31,1439.199951171875
2017-06-01,1440.5
2017-06-02,1444.4000244140625
2017-06-05,1437.800048828125
2017-06-06,1441.0
2017-06-07,1441.699951171875
2017-06-08,1455.300048828125
2017-06-09,1426.0
2017-06-12,1431.199951171875
2017-06-13,1431.699951171875
2017-06-14,1435.9000244140625
2017-06-15,1426.699951171875
2017-06-16,1441.0
2017-06-19,1445.0
2017-06-20,1445.4000244140625
2017-06-21,1440.4000244140625
2017-06-22,1447.4000244140625
2017-06-23,1443.800048828125
2017-06-26,1443.800048828125
2017-06-27,1441.0999755859375
2017-06-28,1460.199951171875
2017-06-29,1471.9000244140625
2017-06-30,1490.9000244140625
2017-07-03,1489.699951171875
2017-07-04,1488.0
2017-07-05,1486.0
2017-07-06,1490.0
2017-07-07,1499.0999755859375
2017-07-10,1454.699951171875
2017-07-12,1475.699951171875
2017-07-13,1465.800048828125
2017-07-14,1471.0
2017-07-17,1477.5
2017-07-18,1471.300048828125
2017-07-19,1465.199951171875
2017-07-20,1463.4000244140625
2017-07-21,1452.4000244140625
2017-07-24,1450.9000244140625
2017-07-25,1451.0
2017-07-26,1457.699951171875
2017-07-27,1457.5999755859375
2017-07-28,1458.300048828125
2017-07-31,1477.0999755859375
2017-08-01,1475.699951171875
2017-08-02,1479.300048828125
2017-08-03,1484.0
2017-08-04,1481.300048828125
2017-08-07,1470.199951171875
2017-08-08,1466.699951171875
2017-08-09,1462.0999755859375
2017-08-10,1480.5999755859375
2017-08-11,1483.5
2017-08-14,1484.0999755859375
2017-08-15,1475.9000244140625
2017-08-16,1460.0999755859375
2017-08-17,1462.5
2017-08-18,1466.5999755859375
2017-08-21,1466.199951171875
2017-08-22,1467.4000244140625
2017-08-23,1450.0999755859375
2017-08-24,1440.5
2017-08-25,1442.699951171875
2017-08-28,1442.5999755859375
2017-08-29,1444.800048828125
2017-08-30,1452.300048828125
2017-08-31,1451.0999755859375
2017-09-01,1453.4000244140625
2017-09-04,1450.0999755859375
2017-09-05,1462.800048828125
2017-09-06,1475.5
2017-09-07,1475.699951171875
2017-09-08,1476.4000244140625
2017-09-11,1494.5999755859375
2017-09-12,1487.199951171875
2017-09-13,1498.0999755859375
2017-09-14,1493.5
2017-09-15,1517.699951171875
2017-09-18,1537.9000244140625
2017-09-19,1525.4000244140625
2017-09-20,1527.4000244140625
2017-09-21,1525.5
2017-09-22,1536.0
2017-09-25,1531.5999755859375
2017-09-26,1527.699951171875
2017-09-27,1528.0999755859375
2017-09-28,1534.199951171875
2017-09-29,1540.199951171875
2017-10-02,1532.9000244140625
2017-10-03,1516.300048828125
2017-10-04,1511.5
2017-10-05,1511.199951171875
2017-10-06,1497.0
2017-10-09,1496.0999755859375
2017-10-10,1501.5
2017-10-11,1497.5
2017-10-12,1497.5999755859375
2017-10-13,1501.199951171875
2017-10-16,1496.199951171875
2017-10-17,1493.199951171875
2017-10-18,1490.4000244140625
2017-10-19,1494.5999755859375
2017-10-20,1482.5999755859375
2017-10-23,1495.4000244140625
2017-10-24,1490.300048828125
2017-10-25,1483.0
2017-10-26,1494.699951171875
2017-10-27,1481.0999755859375
2017-10-30,1477.800048828125
2017-10-31,1483.9000244140625
2017-11-01,1485.5
2017-11-02,1470.5
2017-11-03,1450.5
2017-11-06,1457.5999755859375
2017-11-07,1466.699951171875
2017-11-08,1465.199951171875
2017-11-09,1458.699951171875
2017-11-10,1469.0
2017-11-13,1466.699951171875
2017-11-14,1468.300048828125
2017-11-15,1467.699951171875
2017-11-17,1446.800048828125
2017-11-20,1417.800048828125
2017-11-21,1450.9000244140625
2017-11-22,1445.0
2017-11-23,1444.800048828125
2017-11-24,1440.199951171875
2017-11-27,1445.0999755859375
2017-11-28,1451.5999755859375
2017-11-29,1447.9000244140625
2017-11-30,1449.5999755859375
2017-12-01,1470.4000244140625
2017-12-04,1464.0999755859375
2017-12-05,1461.800048828125
2017-12-06,1455.300048828125
2017-12-07,1462.9000244140625
2017-12-08,1472.699951171875
2017-12-11,1425.0999755859375
2017-12-12,1451.5999755859375
2017-12-13,1453.0999755859375
2017-12-14,1453.5999755859375
2017-12-15,1460.9000244140625
2017-12-18,1450.0
2017-12-19,1451.699951171875
2017-12-20,1450.9000244140625
2017-12-21,1444.199951171875
2017-12-22,1444.9000244140625
2017-12-25,1439.0999755859375
2017-12-26,1407.0999755859375
2017-12-27,1437.4000244140625
2017-12-28,1438.300048828125
2017-12-29,1437.0
2018-01-01,1440.0999755859375
2018-01-02,1439.0999755859375
2018-01-03,1443.699951171875
2018-01-04,1437.0999755859375
2018-01-05,1437.699951171875
2018-01-08,1438.9000244140625
2018-01-09,1448.4000244140625
2018-01-10,1450.0
2018-01-11,1444.800048828125
2018-01-12,1441.800048828125
2018-01-15,1417.800048828125
2018-01-16,1464.5
2018-01-17,1465.5999755859375
2018-01-18,1474.9000244140625
2018-01-19,1485.800048828125
2018-01-22,1448.699951171875
2018-01-23,1494.300048828125
2018-01-24,1503.0999755859375
2018-01-25,1513.199951171875
2018-01-26,1506.4000244140625
2018-01-29,1503.9000244140625
2018-01-30,1505.0999755859375
2018-01-31,1518.0
2018-02-01,1517.800048828125
2018-02-02,1528.0999755859375
2018-02-05,1537.9000244140625
2018-02-06,1524.300048828125
2018-02-07,1505.9000244140625
2018-02-08,1511.4000244140625
2018-02-09,1526.800048828125
2018-02-12,1497.300048828125
2018-02-13,1499.300048828125
2018-02-14,1504.5999755859375
2018-02-15,1499.5999755859375
2018-02-16,1499.4000244140625
2018-02-19,1495.0
2018-02-20,1492.300048828125
2018-02-21,1501.0999755859375
2018-02-22,1494.9000244140625
2018-02-23,1506.5
2018-02-26,1471.300048828125
2018-02-27,1493.5
2018-02-28,1502.199951171875
2018-03-01,1492.5999755859375
2018-03-02,1490.0999755859375
2018-03-05,1488.0
2018-03-06,1490.9000244140625
2018-03-07,1477.300048828125
2018-03-08,1482.300048828125
2018-03-09,1481.5999755859375
2018-03-12,1473.9000244140625
2018-03-13,1479.0
2018-03-14,1489.300048828125
2018-03-15,1484.0
2018-03-16,1489.199951171875
2018-03-19,1492.0
2018-03-20,1503.699951171875
2018-03-21,1498.9000244140625
2018-03-22,1504.300048828125
2018-03-23,1524.0
2018-03-26,1531.300048828125
2018-03-27,1529.199951171875
2018-03-28,1521.9000244140625
2018-03-29,1496.5999755859375
2018-03-30,1489.199951171875
2018-04-02,1489.0
2018-04-03,1462.5999755859375
2018-04-04,1481.9000244140625
2018-04-05,1489.199951171875
2018-04-06,1487.0
2018-04-09,1508.0
2018-04-10,1510.300048828125
2018-04-11,1508.0
2018-04-12,1511.800048828125
2018-04-13,1522.9000244140625
2018-04-16,1524.800048828125
2018-04-17,1533.5
2018-04-18,1523.5999755859375
2018-04-19,1511.300048828125
2018-04-20,1501.300048828125
2018-04-23,1499.9000244140625
2018-04-24,1505.4000244140625
2018-04-25,1506.5999755859375
2018-04-26,1506.5999755859375
2018-04-27,1498.4000244140625
2018-04-30,1469.699951171875
2018-05-01,1472.300048828125
2018-05-02,1465.9000244140625
2018-05-03,1463.5999755859375
2018-05-04,1457.5
2018-05-07,1452.199951171875
2018-05-08,1462.800048828125
2018-05-09,1460.0
2018-05-10,1459.699951171875
2018-05-11,1438.9000244140625
2018-05-14,1444.300048828125
2018-05-15,1449.800048828125
2018-05-16,1456.300048828125
2018-05-17,1457.800048828125
2018-05-18,1460.0999755859375
2018-05-21,1456.0999755859375
2018-05-22,1445.300048828125
2018-05-23,1443.0
2018-05-24,1436.5999755859375
2018-05-25,1444.0
2018-05-28,1428.800048828125
2018-05-29,1428.0
2018-05-30,1436.0999755859375
2018-05-31,1428.0
2018-06-01,1435.300048828125
2018-06-04,1428.800048828125
2018-06-05,1424.9000244140625
2018-06-06,1434.4000244140625
2018-06-07,1429.0
2018-06-08,1437.300048828125
2018-06-11,1438.4000244140625
2018-06-12,1439.0
2018-06-13,1443.0
2018-06-14,1450.9000244140625
2018-06-15,1445.4000244140625
2018-06-18,1464.800048828125
2018-06-19,1463.5999755859375
2018-06-20,1463.5999755859375
2018-06-21,1458.699951171875
2018-06-22,1469.699951171875
2018-06-25,1472.4000244140625
2018-06-26,1479.0
2018-06-27,1476.9000244140625
2018-06-28,1472.5
2018-06-29,1464.5999755859375
2018-07-02,1471.5999755859375
2018-07-03,1469.199951171875
2018-07-04,1468.300048828125
2018-07-05,1473.800048828125
2018-07-06,1477.699951171875
2018-07-09,1480.199951171875
2018-07-10,1474.0999755859375
2018-07-11,1474.800048828125
2018-07-12,1488.199951171875
2018-07-13,1479.0999755859375
2018-07-16,1494.0
2018-07-17,1492.300048828125
2018-07-18,1474.5999755859375
2018-07-19,1478.800048828125
2018-07-20,1476.5999755859375
2018-07-23,1443.0
2018-07-24,1483.199951171875
2018-07-25,1483.0
2018-07-26,1472.199951171875
2018-07-27,1471.9000244140625
2018-07-30,1461.0
2018-07-31,1466.5999755859375
2018-08-01,1458.5999755859375
2018-08-02,1468.0
2018-08-03,1468.199951171875
2018-08-06,1460.0
2018-08-07,1456.0999755859375
2018-08-08,1444.699951171875
2018-08-09,1436.4000244140625
2018-08-10,1438.300048828125
2018-08-13,1442.4000244140625
2018-08-14,1449.4000244140625
2018-08-15,1433.0
2018-08-16,1441.9000244140625
2018-08-17,1431.4000244140625
2018-08-20,1425.300048828125
2018-08-21,1429.4000244140625
2018-08-22,1439.9000244140625
2018-08-23,1441.5999755859375
2018-08-24,1442.0999755859375
2018-08-27,1428.4000244140625
2018-08-28,1428.699951171875
2018-08-29,1423.5999755859375
2018-08-30,1444.199951171875
2018-08-31,1450.699951171875
2018-09-03,1440.199951171875
2018-09-04,1432.5999755859375
2018-09-05,1441.199951171875
2018-09-06,1443.300048828125
2018-09-07,1453.300048828125
2018-09-10,1456.699951171875
2018-09-11,1480.5
2018-09-12,1464.199951171875
2018-09-13,1468.199951171875
2018-09-14,1468.800048828125
2018-09-17,1465.0
2018-09-18,1479.300048828125
2018-09-19,1475.5
2018-09-20,1474.199951171875
2018-09-21,1481.4000244140625
2018-09-24,1456.800048828125
2018-09-25,1465.9000244140625
2018-09-26,1470.4000244140625
2018-09-27,1467.0
2018-09-28,1453.9000244140625
2018-10-01,1445.5
2018-10-02,1450.4000244140625
2018-10-03,1450.0999755859375
2018-10-04,1456.0999755859375
2018-10-05,1474.9000244140625
2018-10-08,1445.699951171875
2018-10-09,1483.0
2018-10-10,1489.199951171875
2018-10-11,1508.699951171875
2018-10-12,1500.5999755859375
2018-10-15,1481.800048828125
2018-10-16,1492.5
2018-10-17,1479.300048828125
2018-10-18,1476.199951171875
2018-10-19,1479.300048828125
2018-10-22,1478.0999755859375
2018-10-23,1466.199951171875
2018-10-24,1475.0999755859375
2018-10-25,1465.4000244140625
2018-10-26,1455.5999755859375
2018-10-29,1462.0
2018-10-30,1461.5999755859375
2018-10-31,1445.300048828125
2018-11-01,1456.5
2018-11-02,1467.699951171875
2018-11-05,1451.0999755859375
2018-11-06,1464.199951171875
2018-11-07,1468.0
2018-11-08,1463.800048828125
2018-11-09,1462.9000244140625
2018-11-12,1462.800048828125
2018-11-13,1461.9000244140625
2018-11-14,1471.800048828125
2018-11-15,1468.9000244140625
2018-11-16,1438.699951171875
2018-11-19,1437.800048828125
2018-11-20,1447.699951171875
2018-11-21,1443.9000244140625
2018-11-22,1452.699951171875
2018-11-23,1462.0
2018-11-26,1452.300048828125
2018-11-27,1446.699951171875
2018-11-28,1440.300048828125
2018-11-29,1437.9000244140625
2018-11-30,1427.300048828125
2018-12-03,1424.0
2018-12-04,1410.300048828125
2018-12-05,1412.699951171875
2018-12-06,1414.9000244140625
2018-12-07,1430.5999755859375
2018-12-10,1427.699951171875
2018-12-11,1421.5
2018-12-12,1408.699951171875
2018-12-13,1419.199951171875
2018-12-14,1425.4000244140625
2018-12-17,1423.699951171875
2018-12-18,1423.0999755859375
2018-12-19,1423.699951171875
2018-12-20,1424.5
2018-12-21,1418.199951171875
2018-12-24,1426.0999755859375
2018-12-25,1429.199951171875
2018-12-26,1423.5999755859375
2018-12-27,1425.800048828125
2018-12-28,1415.5
2018-12-31,1416.5999755859375
2019-01-01,1417.0
2019-01-02,1420.0999755859375
2019-01-03,1404.800048828125
2019-01-04,1419.199951171875
2019-01-07,1419.4000244140625
2019-01-08,1427.300048828125
2019-01-09,1427.4000244140625
2019-01-10,1431.4000244140625
2019-01-11,1423.5
2019-01-14,1437.0
2019-01-15,1444.0
2019-01-16,1444.699951171875
2019-01-17,1441.5
2019-01-18,1454.800048828125
2019-01-21,1446.300048828125
2019-01-22,1459.4000244140625
2019-01-23,1463.5999755859375
2019-01-24,1472.199951171875
2019-01-25,1478.4000244140625
2019-01-28,1476.5999755859375
2019-01-29,1473.0999755859375
2019-01-30,1461.5
2019-01-31,1454.300048828125
2019-02-01,1456.800048828125
2019-02-04,1462.4000244140625
2019-02-05,1460.4000244140625
2019-02-06,1448.800048828125
2019-02-07,1450.4000244140625
2019-02-08,1454.9000244140625
2019-02-11,1452.5999755859375
2019-02-12,1447.0999755859375
2019-02-13,1444.199951171875
2019-02-14,1444.199951171875
2019-02-15,1444.0
2019-02-18,1452.199951171875
2019-02-19,1452.9000244140625
2019-02-20,1464.5999755859375
2019-02-21,1463.300048828125
2019-02-22,1466.0
2019-02-25,1466.300048828125
2019-02-26,1466.5
2019-02-27,1476.800048828125
2019-02-28,1486.0
2019-03-01,1490.800048828125
2019-03-04,1491.0999755859375
2019-03-05,1486.4000244140625
2019-03-06,1481.0999755859375
2019-03-07,1485.0
2019-03-08,1482.9000244140625
2019-03-11,1472.9000244140625
2019-03-12,1497.699951171875
2019-03-13,1472.699951171875
2019-03-14,1500.5999755859375
2019-03-15,1505.4000244140625
2019-03-18,1509.5999755859375
2019-03-19,1499.800048828125
2019-03-20,1498.5999755859375
2019-03-21,1485.199951171875
2019-03-22,1480.4000244140625
2019-03-25,1498.9000244140625
2019-03-26,1498.4000244140625
2019-03-27,1498.0999755859375
2019-03-28,1496.699951171875
2019-03-29,1480.199951171875
2019-04-01,1479.800048828125
2019-04-02,1479.800048828125
2019-04-03,1491.699951171875
2019-04-04,1493.5
2019-04-05,1483.0999755859375
2019-04-08,1481.9000244140625
2019-04-09,1490.5
2019-04-10,1488.5999755859375
2019-04-11,1489.0999755859375
2019-04-12,1489.5999755859375
2019-04-15,1482.9000244140625
2019-04-16,1484.4000244140625
2019-04-17,1481.300048828125
2019-04-18,1473.699951171875
2019-04-19,1476.0999755859375
2019-04-22,1474.0
2019-04-23,1479.9000244140625
2019-04-24,1477.4000244140625
2019-04-25,1490.5999755859375
2019-04-26,1494.5999755859375
2019-04-29,1495.800048828125
2019-04-30,1498.4000244140625
2019-05-01,1516.800048828125
2019-05-02,1520.0999755859375
2019-05-03,1519.699951171875
2019-05-06,1529.9000244140625
2019-05-07,1529.800048828125
2019-05-08,1530.699951171875
2019-05-09,1525.300048828125
2019-05-10,1534.199951171875
2019-05-13,1527.5999755859375
2019-05-14,1538.800048828125
2019-05-15,1531.699951171875
2019-05-16,1523.699951171875
2019-05-17,1523.4000244140625
2019-05-20,1519.800048828125
2019-05-21,1518.9000244140625
2019-05-22,1514.300048828125
2019-05-23,1506.699951171875
2019-05-24,1505.5
2019-05-27,1507.800048828125
2019-05-28,1499.0999755859375
2019-05-29,1503.300048828125
2019-05-30,1505.5
2019-05-31,1498.4000244140625
2019-06-03,1501.0
2019-06-04,1492.300048828125
2019-06-05,1493.699951171875
2019-06-06,1495.5999755859375
2019-06-07,1494.0
2019-06-10,1502.0
2019-06-11,1499.9000244140625
2019-06-12,1498.9000244140625
2019-06-13,1502.0999755859375
2019-06-14,1497.5
2019-06-17,1493.5999755859375
2019-06-18,1486.5
2019-06-19,1474.800048828125
2019-06-20,1480.800048828125
2019-06-21,1470.5999755859375
2019-06-24,1476.9000244140625
2019-06-25,1468.199951171875
2019-06-26,1466.5
2019-06-27,1463.300048828125
2019-06-28,1464.5
2019-07-01,1466.9000244140625
2019-07-02,1466.4000244140625
2019-07-03,1468.300048828125
2019-07-04,1470.5999755859375
2019-07-05,1468.800048828125
2019-07-08,1470.5
2019-07-09,1476.5999755859375
2019-07-10,1472.0
2019-07-11,1470.300048828125
2019-07-12,1470.199951171875
2019-07-15,1479.0
2019-07-16,1475.0999755859375
2019-07-17,1461.800048828125
2019-07-18,1465.5
2019-07-19,1468.300048828125
2019-07-22,1470.300048828125
2019-07-23,1465.300048828125
2019-07-24,1463.5999755859375
2019-07-25,1468.9000244140625
2019-07-26,1472.5
2019-07-29,1464.4000244140625
2019-07-30,1443.800048828125
2019-07-31,1435.9000244140625
2019-08-01,1441.800048828125
2019-08-02,1448.5999755859375
2019-08-05,1462.699951171875
2019-08-06,1478.9000244140625
2019-08-07,1475.300048828125
2019-08-08,1472.0
2019-08-09,1465.699951171875
2019-08-12,1459.199951171875
2019-08-13,1470.5999755859375
2019-08-14,1453.300048828125
2019-08-15,1466.0
2019-08-16,1464.800048828125
2019-08-19,1468.0999755859375
2019-08-20,1468.0999755859375
2019-08-21,1465.800048828125
2019-08-22,1457.4000244140625
2019-08-23,1480.699951171875
2019-08-26,1486.9000244140625
2019-08-27,1479.699951171875
2019-08-28,1487.199951171875
2019-08-29,1480.0
2019-08-30,1471.0
2019-09-02,1470.199951171875
2019-09-03,1463.300048828125
2019-09-04,1463.5999755859375
2019-09-05,1472.800048828125
2019-09-06,1473.800048828125
2019-09-09,1463.5999755859375
2019-09-10,1470.199951171875
2019-09-11,1469.5
2019-09-12,1467.5
2019-09-13,1457.0
2019-09-16,1473.0
2019-09-17,1470.300048828125
2019-09-18,1482.199951171875
2019-09-19,1483.4000244140625
2019-09-20,1495.199951171875
2019-09-23,1487.699951171875
2019-09-24,1483.4000244140625
2019-09-25,1490.699951171875
2019-09-26,1480.199951171875
2019-09-27,1477.5999755859375
2019-09-30,1477.4000244140625
2019-10-01,1472.300048828125
2019-10-02,1477.199951171875
2019-10-03,1480.800048828125
2019-10-04,1481.0
2019-10-07,1469.0999755859375
2019-10-08,1469.300048828125
2019-10-09,1464.0999755859375
2019-10-10,1461.5999755859375
2019-10-11,1478.0
2019-10-14,1492.0445556640625
2019-10-15,1490.8548583984375
2019-10-16,1511.0784912109375
2019-10-17,1519.119873046875
2019-10-18,1514.797119140625
2019-10-21,1519.613037109375
2019-10-22,1519.483154296875
2019-10-23,1508.918212890625
2019-10-24,1511.2012939453125
2019-10-25,1507.5748291015625
2019-10-28,1501.8214111328125
2019-10-29,1500.0450439453125
2019-10-30,1499.74267578125
2019-10-31,1501.3353271484375
2019-11-01,1512.098876953125
2019-11-04,1505.5238037109375
2019-11-05,1497.55419921875
2019-11-06,1487.8975830078125
2019-11-07,1491.48876953125
2019-11-08,1479.1922607421875
2019-11-11,1482.4482421875
2019-11-12,1497.3260498046875
2019-11-13,1497.18212890625
2019-11-14,1504.7652587890625
2019-11-15,1503.877197265625
2019-11-18,1501.0303955078125
2019-11-19,1509.570068359375
2019-11-20,1507.1912841796875
2019-11-21,1510.1114501953125
2019-11-22,1518.2967529296875
2019-11-25,1515.674072265625
2019-11-26,1512.0555419921875
2019-11-27,1508.0023193359375
2019-11-28,1519.7310791015625
2019-11-29,1519.8863525390625
2019-12-02,1523.274658203125
2019-12-03,1532.017578125
2019-12-04,1543.58935546875
2019-12-05,1559.3544921875
2019-12-06,1563.2550048828125
2019-12-09,1558.308837890625
2019-12-10,1562.5517578125
2019-12-11,1561.3199462890625
2019-12-12,1568.0174560546875
2019-12-13,1576.033203125
2019-12-16,1564.5985107421875
2019-12-17,1548.77490234375
2019-12-18,1525.9580078125
2019-12-19,1523.5428466796875
2019-12-20,1511.4130859375
2019-12-23,1507.6207275390625
2019-12-24,1503.29052734375
2019-12-25,1502.9483642578125
2019-12-26,1501.2969970703125
2019-12-27,1509.4241943359375
2019-12-30,1519.50927734375
2019-12-31,1516.256103515625
2020-01-01,1530.1031494140625
2020-01-02,1529.044677734375
2020-01-03,1521.36474609375
2020-01-06,1524.8341064453125
2020-01-07,1535.911376953125
2020-01-08,1529.5830078125
2020-01-09,1521.7664794921875
2020-01-10,1513.1705322265625
2020-01-13,1509.12109375
2020-01-14,1498.701171875
2020-01-15,1505.2076416015625
2020-01-16,1509.724853515625
2020-01-17,1515.3857421875
2020-01-20,1508.0545654296875
2020-01-21,1505.2926025390625
2020-01-22,1524.5760498046875
2020-01-23,1529.593505859375
2020-01-24,1531.74072265625
2020-01-27,1525.842041015625
2020-01-28,1536.6021728515625
2020-01-29,1530.672119140625
2020-01-30,1535.091064453125
2020-01-31,1553.384765625
2020-02-03,1573.837890625
2020-02-04,1545.827880859375
2020-02-05,1540.891357421875
2020-02-06,1537.959716796875
2020-02-07,1531.17626953125
2020-02-10,1534.4625244140625
2020-02-11,1532.7076416015625
2020-02-12,1529.826416015625
2020-02-13,1526.250244140625
2020-02-14,1544.3951416015625
2020-02-17,1541.9935302734375
2020-02-18,1539.614990234375
2020-02-19,1546.236328125
2020-02-20,1539.98095703125
2020-02-21,1551.462158203125
2020-02-24,1560.8804931640625
2020-02-25,1573.8011474609375
2020-02-26,1579.2369384765625
2020-02-27,1563.4083251953125
2020-02-28,1561.2984619140625
2020-03-02,1534.7041015625
2020-03-03,1517.21142578125
2020-03-04,1520.9000244140625
2020-03-05,1523.52783203125
2020-03-06,1537.749267578125
2020-03-09,1555.802978515625
2020-03-10,1568.595703125
2020-03-11,1529.3653564453125
2020-03-12,1525.9454345703125
2020-03-13,1520.66455078125
2020-03-16,1501.128173828125
2020-03-17,1511.0938720703125
2020-03-18,1500.4847412109375
2020-03-19,1459.37841796875
2020-03-20,1444.5235595703125
2020-03-23,1457.0732421875
2020-03-24,1460.09521484375
2020-03-25,1448.6328125
2020-03-26,1449.2581787109375
2020-03-27,1478.7132568359375
2020-03-30,1508.559814453125
2020-03-31,1512.6097412109375
2020-04-01,1509.550537109375
2020-04-02,1528.90185546875
2020-04-03,1518.9366455078125
2020-04-06,1510.02880859375
2020-04-07,1497.7437744140625
2020-04-08,1498.5438232421875
2020-04-09,1505.29443359375
2020-04-10,1506.2515869140625
2020-04-13,1508.943115234375
2020-04-14,1520.4033203125
2020-04-15,1529.4571533203125
2020-04-16,1530.5858154296875
2020-04-17,1531.7432861328125
2020-04-20,1517.557373046875
2020-04-21,1517.647705078125
2020-04-22,1513.7744140625
2020-04-23,1517.28125
2020-04-24,1521.1806640625
2020-04-27,1520.3695068359375
2020-04-28,1516.5992431640625
2020-04-29,1517.561279296875
2020-04-30,1509.99560546875
2020-05-01,1525.9632568359375
2020-05-04,1523.8675537109375
2020-05-05,1521.3714599609375
2020-05-06,1519.3455810546875
2020-05-07,1514.077392578125
2020-05-08,1508.20556640625
2020-05-11,1512.9732666015625
2020-05-12,1507.3214111328125
2020-05-13,1501.828857421875
2020-05-14,1501.0281982421875
2020-05-15,1499.217041015625
2020-05-18,1489.0205078125
2020-05-19,1493.47314453125
2020-05-20,1500.428955078125
2020-05-21,1500.927001953125
2020-05-22,1507.8116455078125
2020-05-25,1510.5411376953125
2020-05-26,1512.80419921875
2020-05-27,1517.9715576171875
2020-05-28,1518.799560546875
2020-05-29,1525.3385009765625
2020-06-01,1519.314453125
2020-06-02,1526.8099365234375
2020-06-03,1533.5865478515625
2020-06-04,1528.794921875
2020-06-05,1532.39404296875
2020-06-08,1528.382568359375
2020-06-09,1520.576171875
2020-06-10,1521.8399658203125
2020-06-11,1512.0865478515625
2020-06-12,1514.9736328125
2020-06-15,1504.183837890625
2020-06-16,1525.1707763671875
2020-06-17,1524.2547607421875
2020-06-18,1524.123291015625
2020-06-19,1505.262451171875
2020-06-22,1495.23974609375
2020-06-23,1510.0157470703125
2020-06-24,1512.7645263671875
2020-06-25,1496.0341796875
2020-06-26,1492.7413330078125
2020-06-29,1484.3251953125
2020-06-30,1475.248779296875
2020-07-01,1484.527099609375
2020-07-02,1496.54443359375
2020-07-03,1493.68896484375
2020-07-06,1495.1346435546875
2020-07-07,1488.0301513671875
2020-07-08,1499.6488037109375
2020-07-09,1503.462158203125
2020-07-10,1507.203369140625
2020-07-13,1514.72705078125
2020-07-14,1510.938720703125
2020-07-15,1513.2220458984375
2020-07-16,1511.193115234375
2020-07-17,1512.3797607421875
2020-07-20,1511.7415771484375
2020-07-21,1519.4100341796875
2020-07-22,1518.55615234375
2020-07-23,1522.8681640625
2020-07-24,1528.254150390625
2020-07-27,1536.3616943359375
2020-07-28,1541.412109375
2020-07-29,1550.0743408203125
2020-07-30,1545.957275390625
2020-07-31,1559.2532958984375
2020-08-03,1563.2462158203125
2020-08-04,1558.5401611328125
2020-08-05,1560.8013916015625
2020-08-06,1555.695556640625
2020-08-07,1554.6927490234375
2020-08-10,1550.7452392578125
2020-08-11,1549.7802734375
2020-08-12,1546.5040283203125
2020-08-13,1542.8370361328125
2020-08-14,1547.6134033203125
2020-08-17,1554.422607421875
2020-08-18,1550.5025634765625
2020-08-19,1567.4630126953125
2020-08-20,1548.5257568359375
2020-08-21,1565.58642578125
2020-08-24,1559.7032470703125
2020-08-25,1553.2679443359375
2020-08-26,1560.424560546875
2020-08-27,1564.8536376953125
2020-08-28,1566.3382568359375
2020-08-31,1575.412353515625
2020-09-01,1586.4083251953125
2020-09-02,1587.72607421875
2020-09-03,1586.5843505859375
2020-09-04,1579.20556640625
2020-09-07,1571.7294921875
2020-09-08,1561.9385986328125
2020-09-09,1541.96435546875
2020-09-10,1539.00146484375
2020-09-11,1520.5533447265625
2020-09-14,1519.8760986328125
2020-09-15,1517.2401123046875
2020-09-16,1519.0185546875
2020-09-17,1518.8875732421875
2020-09-18,1516.662353515625
2020-09-21,1505.4189453125
2020-09-22,1492.08056640625
2020-09-23,1480.2071533203125
2020-09-24,1487.4207763671875
2020-09-25,1490.59228515625
2020-09-28,1498.1201171875
2020-09-29,1501.451416015625
2020-09-30,1502.4765625
2020-10-01,1503.2130126953125
2020-10-02,1497.236083984375
2020-10-05,1506.7037353515625
2020-10-06,1502.0008544921875
2020-10-07,1499.516845703125
2020-10-08,1493.822509765625
2020-10-09,1489.3978271484375
2020-10-12,1489.2799072265625
2020-10-13,1497.73974609375
2020-10-14,1484.7789306640625
2020-10-15,1491.4454345703125
2020-10-16,1476.119873046875
2020-10-19,1474.869140625
2020-10-20,1474.689453125
2020-10-21,1471.5025634765625
2020-10-22,1486.5302734375
2020-10-23,1482.9459228515625
2020-10-26,1470.24462890625
2020-10-27,1473.0101318359375
2020-10-28,1470.21533203125
2020-10-29,1473.25146484375
2020-10-30,1460.756591796875
2020-11-02,1467.9342041015625
2020-11-03,1463.0345458984375
2020-11-04,1483.4603271484375
2020-11-05,1464.9549560546875
2020-11-06,1474.885986328125
2020-11-09,1475.989990234375
2020-11-10,1473.20458984375
2020-11-11,1479.9864501953125
2020-11-12,1469.8414306640625
2020-11-13,1462.9473876953125
2020-11-16,1463.47265625
2020-11-17,1462.02978515625
2020-11-18,1464.8001708984375
2020-11-19,1466.6693115234375
2020-11-20,1476.0633544921875
2020-11-23,1480.8980712890625
2020-11-24,1483.54296875
2020-11-25,1483.1005859375
2020-11-26,1480.6595458984375
2020-11-27,1476.2864990234375
2020-11-30,1470.52392578125
2020-12-01,1477.6126708984375
2020-12-02,1484.85986328125
2020-12-03,1469.8380126953125
2020-12-04,1468.0576171875
2020-12-07,1454.04541015625
2020-12-08,1447.3203125
2020-12-09,1449.9114990234375
2020-12-10,1451.9453125
2020-12-11,1445.371337890625
2020-12-14,1451.4700927734375
2020-12-15,1455.4881591796875
2020-12-16,1463.09033203125
2020-12-17,1475.28515625
2020-12-18,1483.170654296875
2020-12-21,1473.617919921875
2020-12-22,1481.841064453125
2020-12-23,1484.5313720703125
2020-12-24,1491.907470703125
2020-12-25,1490.927978515625
2020-12-28,1486.138916015625
2020-12-29,1473.386474609375
2020-12-30,1474.928955078125
2020-12-31,1482.5712890625
2021-01-01,1482.9334716796875
2021-01-04,1489.4329833984375
2021-01-05,1474.562744140625
2021-01-06,1480.5693359375
2021-01-07,1481.171142578125
2021-01-08,1483.16796875
2021-01-11,1474.11865234375
2021-01-12,1483.867431640625
2021-01-13,1494.8260498046875
2021-01-14,1497.26025390625
2021-01-15,1499.32275390625
2021-01-18,1496.26708984375
2021-01-19,1498.135986328125
2021-01-20,1502.1658935546875
2021-01-21,1498.1209716796875
2021-01-22,1509.9700927734375
2021-01-25,1513.12353515625
2021-01-26,1506.814453125
2021-01-27,1512.90966796875
2021-01-28,1513.78466796875
2021-01-29,1526.45556640625
2021-02-01,1530.516357421875
2021-02-02,1527.5975341796875
2021-02-03,1521.4290771484375
2021-02-04,1518.9329833984375
2021-02-05,1530.39794921875
2021-02-08,1535.4412841796875
2021-02-09,1534.3792724609375
2021-02-10,1533.5303955078125
2021-02-11,1529.5484619140625
2021-02-12,1522.284423828125
2021-02-15,1530.2904052734375
2021-02-16,1533.7113037109375
2021-02-17,1536.5472412109375
2021-02-18,1531.5299072265625
2021-02-19,1545.115478515625
2021-02-22,1547.6031494140625
2021-02-23,1562.76123046875
2021-02-24,1566.0478515625
2021-02-25,1566.4002685546875
2021-02-26,1567.369384765625
2021-03-01,1569.0382080078125
2021-03-02,1534.615478515625
2021-03-03,1568.912841796875
2021-03-04,1573.0540771484375
2021-03-05,1574.560302734375
2021-03-08,1561.91259765625
2021-03-09,1576.3184814453125
2021-03-10,1576.1544189453125
2021-03-11,1582.525390625
2021-03-12,1580.2711181640625
2021-03-15,1580.20458984375
2021-03-16,1572.357666015625
2021-03-17,1570.624267578125
2021-03-18,1566.2684326171875
2021-03-19,1568.17578125
2021-03-22,1559.524658203125
2021-03-23,1559.2742919921875
2021-03-24,1553.7740478515625
2021-03-25,1552.944091796875
2021-03-26,1559.402587890625
2021-03-29,1555.431396484375
2021-03-30,1559.16162109375
2021-03-31,1556.4749755859375
2021-04-01,1553.9334716796875
2021-04-02,1560.3568115234375
2021-04-05,1561.2586669921875
2021-04-06,1563.946533203125
2021-04-07,1545.514892578125
2021-04-08,1536.1475830078125
2021-04-09,1532.3701171875
2021-04-12,1538.6492919921875
2021-04-13,1546.595458984375
2021-04-14,1542.0008544921875
2021-04-15,1537.8076171875
2021-04-16,1537.715087890625
2021-04-19,1541.6343994140625
2021-04-20,1559.3099365234375
2021-04-21,1555.5865478515625
2021-04-22,1554.0401611328125
2021-04-23,1547.4171142578125
2021-04-26,1544.7958984375
2021-04-27,1541.4984130859375
2021-04-28,1546.2926025390625
2021-04-29,1547.3607177734375
2021-04-30,1543.7120361328125
2021-05-03,1543.232177734375
2021-05-04,1557.703369140625
2021-05-05,1562.193603515625
2021-05-06,1563.202880859375
2021-05-07,1555.4923095703125
2021-05-10,1561.26220703125
2021-05-11,1576.2862548828125
2021-05-12,1580.7418212890625
2021-05-13,1591.253662109375
2021-05-14,1579.7642822265625
2021-05-17,1587.222412109375
2021-05-18,1606.46533203125
2021-05-19,1599.09765625
2021-05-20,1594.5721435546875
2021-05-21,1598.6865234375
2021-05-24,1593.491943359375
2021-05-25,1588.6982421875
2021-05-26,1585.720703125
2021-05-27,1574.5924072265625
2021-05-28,1586.9415283203125
2021-05-31,1577.9935302734375
2021-06-01,1574.900390625
2021-06-02,1567.38623046875
2021-06-03,1572.9044189453125
2021-06-04,1573.787841796875
2021-06-07,1571.89599609375
2021-06-08,1572.587890625
2021-06-09,1580.3406982421875
2021-06-10,1575.1392822265625
2021-06-11,1574.57421875
2021-06-14,1574.890380859375
2021-06-15,1575.0880126953125
2021-06-16,1571.72021484375
2021-06-17,1583.4901123046875
2021-06-18,1579.9716796875
2021-06-21,1567.065673828125
2021-06-22,1573.79736328125
2021-06-23,1579.717529296875
2021-06-24,1581.6756591796875
2021-06-25,1573.6402587890625
2021-06-28,1563.5260009765625
2021-06-29,1565.70068359375
2021-06-30,1564.980224609375
2021-07-01,1561.9688720703125
2021-07-02,1561.0400390625
2021-07-05,1562.506103515625
2021-07-06,1564.76806640625
2021-07-07,1567.4224853515625
2021-07-08,1573.8031005859375
2021-07-09,1580.081787109375
2021-07-12,1590.4349365234375
2021-07-13,1593.3372802734375
2021-07-14,1585.8631591796875
2021-07-15,1584.427490234375
2021-07-16,1576.6053466796875
2021-07-19,1571.15625
2021-07-20,1571.984130859375
2021-07-21,1564.6370849609375
2021-07-22,1575.2340087890625
2021-07-23,1585.202392578125
2021-07-26,1583.6015625
2021-07-27,1592.5357666015625
2021-07-28,1602.4737548828125
2021-07-29,1598.34521484375
2021-07-30,1594.9005126953125
2021-08-02,1599.3802490234375
2021-08-03,1596.5970458984375
2021-08-04,1597.116455078125
2021-08-05,1588.9967041015625
2021-08-06,1590.25
2021-08-09,1587.630859375
2021-08-10,1586.6370849609375
2021-08-11,1594.5347900390625
2021-08-12,1598.58837890625
2021-08-13,1604.843994140625
2021-08-16,1610.232177734375
2021-08-17,1611.876220703125
2021-08-18,1616.4356689453125
2021-08-19,1607.47607421875
2021-08-20,1601.8753662109375
2021-08-23,1599.847412109375
2021-08-24,1602.511474609375
2021-08-25,1595.4598388671875
2021-08-26,1601.126953125
2021-08-27,1602.287841796875
2021-08-30,1598.28515625
2021-08-31,1604.7384033203125
2021-09-01,1593.1729736328125
2021-09-02,1590.97705078125
2021-09-03,1601.018310546875
2021-09-06,1600.1524658203125
2021-09-07,1599.119873046875
2021-09-08,1599.942138671875
2021-09-09,1606.016357421875
2021-09-10,1618.0103759765625
2021-09-13,1618.2838134765625
2021-09-14,1622.93994140625
2021-09-15,1616.7969970703125
2021-09-16,1613.6397705078125
2021-09-17,1622.810302734375
2021-09-20,1621.568603515625
2021-09-21,1621.1700439453125
2021-09-22,1615.536376953125
2021-09-23,1608.2877197265625
2021-09-24,1611.816650390625
2021-09-27,1611.919921875
2021-09-28,1613.0438232421875
2021-09-29,1607.0517578125
2021-09-30,1594.076171875
2021-10-01,1595.7523193359375
2021-10-04,1601.2484130859375
2021-10-05,1610.3408203125
2021-10-06,1617.508056640625
2021-10-07,1619.2728271484375
2021-10-08,1622.0467529296875
2021-10-11,1627.90185546875
2021-10-12,1625.2581787109375
2021-10-13,1625.160400390625
2021-10-14,1620.9429931640625
2021-10-15,1614.5072021484375
2021-10-18,1626.28662109375
2021-10-19,1627.515380859375
2021-10-20,1621.562255859375
2021-10-21,1623.5728759765625
2021-10-22,1622.7294921875
2021-10-25,1619.162353515625
2021-10-26,1606.224609375
2021-10-27,1606.8966064453125
2021-10-28,1609.6925048828125
2021-10-29,1610.6768798828125
2021-11-01,1604.4029541015625
2021-11-02,1606.55419921875
2021-11-03,1604.02392578125
2021-11-04,1615.1112060546875
2021-11-05,1600.4619140625
2021-11-08,1592.580078125
2021-11-09,1627.533935546875
2021-11-10,1596.572265625
2021-11-11,1588.17578125
2021-11-12,1581.22216796875
2021-11-15,1580.3560791015625
2021-11-16,1585.7247314453125
2021-11-17,1589.435546875
2021-11-18,1592.6622314453125
2021-11-19,1596.8321533203125
2021-11-22,1600.953857421875
2021-11-23,1593.6387939453125
2021-11-24,1591.565673828125
2021-11-25,1583.4549560546875
2021-11-26,1584.4505615234375
2021-11-29,1592.393310546875
2021-11-30,1585.4337158203125
2021-12-01,1572.6593017578125
2021-12-02,1562.9254150390625
2021-12-03,1565.1041259765625
2021-12-06,1560.4940185546875
2021-12-07,1565.65869140625
2021-12-08,1558.7904052734375
2021-12-09,1548.8541259765625
2021-12-10,1556.923583984375
2021-12-13,1562.8780517578125
2021-12-14,1565.83203125
2021-12-15,1566.7066650390625
2021-12-16,1570.7806396484375
2021-12-17,1580.2901611328125
2021-12-20,1568.796875
2021-12-21,1572.0909423828125
2021-12-22,1580.6044921875
2021-12-23,1585.791748046875
2021-12-24,1589.461669921875
2021-12-27,1588.2938232421875
2021-12-28,1594.8914794921875
2021-12-29,1595.6396484375
2021-12-30,1597.565185546875
2021-12-31,1605.492919921875
2022-01-03,1604.843505859375
2022-01-04,1610.8541259765625
2022-01-05,1618.904541015625
2022-01-06,1625.596923828125
2022-01-07,1630.4937744140625
2022-01-10,1625.0289306640625
2022-01-11,1626.844970703125
2022-01-12,1621.5372314453125
2022-01-13,1625.248291015625
2022-01-14,1627.31689453125
2022-01-17,1624.603515625
2022-01-18,1624.13427734375
2022-01-19,1622.5501708984375
2022-01-20,1616.8521728515625
2022-01-21,1621.35009765625
2022-01-24,1613.81494140625
2022-01-25,1612.814453125
2022-01-26,1615.93115234375
2022-01-27,1616.9012451171875
2022-01-28,1611.1114501953125
2022-01-31,1618.675537109375
2022-02-01,1620.253173828125
2022-02-02,1626.340576171875
2022-02-03,1627.682373046875
2022-02-04,1632.1915283203125
2022-02-07,1619.029541015625
2022-02-08,1620.32080078125
2022-02-09,1620.688720703125
2022-02-10,1615.879638671875
2022-02-11,1625.2786865234375
2022-02-14,1625.4749755859375
2022-02-15,1620.3531494140625
2022-02-16,1620.5899658203125
2022-02-17,1624.356201171875
2022-02-18,1632.3289794921875
2022-02-21,1622.1983642578125
2022-02-22,1624.1002197265625
2022-02-23,1620.67626953125
2022-02-24,1615.1710205078125
2022-02-25,1612.9044189453125
2022-02-28,1599.2725830078125
2022-03-01,1611.87841796875
2022-03-02,1607.4921875
2022-03-03,1611.7105712890625
2022-03-04,1608.6480712890625
2022-03-07,1606.3682861328125
2022-03-08,1615.81640625
2022-03-09,1615.1241455078125
2022-03-10,1612.8343505859375
2022-03-11,1609.99072265625
2022-03-14,1611.7784423828125
2022-03-15,1615.885009765625
2022-03-16,1619.871337890625
2022-03-17,1607.1064453125
2022-03-18,1592.61279296875
2022-03-21,1592.9727783203125
2022-03-22,1606.2205810546875
2022-03-23,1611.4998779296875
2022-03-24,1609.225341796875
2022-03-25,1606.5419921875
2022-03-28,1612.8514404296875
2022-03-29,1603.359619140625
2022-03-30,1583.3251953125
2022-03-31,1590.1943359375
2022-04-01,1596.6397705078125
2022-04-04,1597.0177001953125
2022-04-05,1591.5289306640625
2022-04-06,1593.7518310546875
2022-04-07,1591.3011474609375
2022-04-08,1597.9141845703125
2022-04-11,1600.62548828125
2022-04-12,1608.4102783203125
2022-04-13,1597.4307861328125
2022-04-14,1604.87060546875
2022-04-15,1607.238525390625
2022-04-18,1603.637939453125
2022-04-19,1607.0848388671875
2022-04-20,1613.1697998046875
2022-04-21,1612.7679443359375
2022-04-22,1618.352294921875
2022-04-25,1595.0115966796875
2022-04-26,1591.45166015625
2022-04-27,1586.537109375
2022-04-28,1588.17041015625
2022-04-29,1585.6846923828125
2022-05-02,1587.189697265625
2022-05-03,1583.1307373046875
2022-05-04,1576.29541015625
2022-05-05,1579.0802001953125
2022-05-06,1568.56201171875
2022-05-09,1565.4237060546875
2022-05-10,1573.0467529296875
2022-05-11,1570.1563720703125
2022-05-12,1563.562744140625
2022-05-13,1575.4398193359375
2022-05-16,1566.052490234375
2022-05-17,1577.3160400390625
2022-05-18,1581.466796875
2022-05-19,1574.7415771484375
2022-05-20,1574.625
2022-05-23,1591.9503173828125
2022-05-24,1582.0284423828125
2022-05-25,1581.3372802734375
2022-05-26,1593.969482421875
2022-05-27,1588.3043212890625
2022-05-30,1580.47998046875
2022-05-31,1563.3077392578125
2022-06-01,1565.7974853515625
2022-06-02,1556.52783203125
2022-06-03,1560.82470703125
2022-06-06,1562.1080322265625
2022-06-07,1571.14404296875
2022-06-08,1579.10107421875
2022-06-09,1575.918701171875
2022-06-10,1579.333984375
2022-06-13,1569.24072265625
2022-06-14,1568.813232421875
2022-06-15,1548.7203369140625
2022-06-16,1556.0086669921875
2022-06-17,1591.318115234375
2022-06-20,1578.1685791015625
2022-06-21,1583.488525390625
2022-06-22,1584.250732421875
2022-06-23,1589.699951171875
2022-06-24,1593.48046875
2022-06-27,1582.4034423828125
2022-06-28,1576.950439453125
2022-06-29,1574.85888671875
2022-06-30,1579.0986328125
2022-07-01,1565.9189453125
2022-07-04,1570.7059326171875
2022-07-05,1569.6080322265625
2022-07-06,1563.60595703125
2022-07-07,1555.7171630859375
2022-07-08,1560.7635498046875
2022-07-11,1554.6529541015625
2022-07-12,1559.953369140625
2022-07-13,1550.940673828125
2022-07-14,1547.95654296875
2022-07-15,1558.2271728515625
2022-07-18,1566.9520263671875
2022-07-19,1575.73046875
2022-07-20,1566.9635009765625
2022-07-21,1571.584228515625
2022-07-22,1567.7183837890625
2022-07-25,1569.4388427734375
2022-07-26,1579.6611328125
2022-07-27,1577.81982421875
2022-07-28,1588.312255859375
2022-07-29,1577.1912841796875
2022-08-01,1584.561767578125
2022-08-02,1601.114990234375
2022-08-03,1596.2384033203125
2022-08-04,1586.594482421875
2022-08-05,1583.1241455078125
2022-08-08,1571.08056640625
2022-08-09,1569.786865234375
2022-08-10,1578.3209228515625
2022-08-11,1583.4559326171875
2022-08-12,1593.7923583984375
2022-08-15,1578.2911376953125
2022-08-16,1583.2127685546875
2022-08-17,1586.0150146484375
2022-08-18,1583.5601806640625
2022-08-19,1583.4248046875
2022-08-22,1577.2894287109375
2022-08-23,1580.423583984375
2022-08-24,1584.1383056640625
2022-08-25,1579.9998779296875
2022-08-26,1577.7159423828125
2022-08-29,1568.209716796875
2022-08-30,1577.440185546875
2022-08-31,1574.2076416015625
2022-09-01,1557.055908203125
2022-09-02,1565.57080078125
2022-09-05,1562.4576416015625
2022-09-06,1575.0296630859375
2022-09-07,1586.459716796875
2022-09-08,1583.142333984375
2022-09-09,1594.087646484375
2022-09-12,1602.0491943359375
2022-09-13,1608.006103515625
2022-09-14,1603.256103515625
2022-09-15,1606.044677734375
2022-09-16,1601.9124755859375
2022-09-19,1583.58154296875
2022-09-20,1590.3328857421875
2022-09-21,1584.6666259765625
2022-09-22,1573.1290283203125
2022-09-23,1581.0341796875
2022-09-26,1535.1004638671875
2022-09-27,1541.0328369140625
2022-09-28,1529.5260009765625
2022-09-29,1540.6409912109375
2022-09-30,1597.6251220703125
2022-10-03,1602.197509765625
2022-10-04,1624.4573974609375
2022-10-05,1622.2286376953125
2022-10-06,1608.419189453125
2022-10-07,1571.6907958984375
2022-10-10,1567.728271484375
2022-10-11,1582.0194091796875
2022-10-12,1569.8359375
2022-10-13,1581.6968994140625
2022-10-14,1617.3843994140625
2022-10-17,1619.7232666015625
2022-10-18,1624.4522705078125
2022-10-19,1616.5487060546875
2022-10-20,1608.6654052734375
2022-10-21,1604.7728271484375
2022-10-24,1619.8426513671875
2022-10-25,1632.8570556640625
2022-10-26,1635.459228515625
2022-10-27,1644.0296630859375
2022-10-28,1643.457763671875
2022-10-31,1648.3663330078125
2022-11-01,1633.2861328125
2022-11-02,1627.331298828125
2022-11-03,1620.06787109375
2022-11-04,1590.2706298828125
2022-11-07,1588.8201904296875
2022-11-08,1603.88330078125
2022-11-09,1587.5849609375
2022-11-10,1558.0703125
2022-11-11,1578.1090087890625
2022-11-14,1547.888916015625
2022-11-15,1555.6912841796875
2022-11-16,1563.727783203125
2022-11-17,1592.22021484375
2022-11-18,1592.5965576171875
2022-11-21,1590.270751953125
2022-11-22,1608.1343994140625
2022-11-23,1608.8226318359375
2022-11-24,1613.8128662109375
2022-11-25,1605.3441162109375
2022-11-28,1608.64013671875
2022-11-29,1602.726806640625
2022-11-30,1582.9849853515625
2022-12-01,1545.4188232421875
2022-12-02,1597.560546875
2022-12-05,1597.5333251953125
2022-12-06,1590.2781982421875
2022-12-07,1601.201171875
2022-12-08,1604.7724609375
2022-12-09,1610.970458984375
2022-12-12,1593.6243896484375
2022-12-13,1602.345947265625
2022-12-14,1592.768798828125
2022-12-15,1609.0706787109375
2022-12-16,1605.5045166015625
2022-12-19,1591.63427734375
2022-12-20,1581.4334716796875
2022-12-21,1564.5655517578125
2022-12-22,1546.7115478515625
2022-12-23,1553.2320556640625
2022-12-26,1542.12353515625
2022-12-27,1540.7191162109375
2022-12-28,1530.1329345703125
2022-12-29,1532.7215576171875
2022-12-30,1519.19091796875
2023-01-02,1525.8419189453125
2023-01-03,1531.61767578125
2023-01-04,1530.88818359375
2023-01-05,1532.4925537109375
2023-01-06,1517.6488037109375
2023-01-09,1517.851318359375
2023-01-10,1509.81640625
2023-01-11,1507.2801513671875
2023-01-12,1509.6358642578125
2023-01-13,1513.8017578125
2023-01-16,1512.70556640625
2023-01-17,1514.5447998046875
2023-01-18,1519.497314453125
2023-01-19,1528.530029296875
2023-01-20,1526.968994140625
2023-01-23,1526.006591796875
2023-01-24,1520.6357421875
2023-01-25,1519.8580322265625
2023-01-26,1529.8564453125
2023-01-27,1529.213134765625
2023-01-30,1524.081787109375
2023-01-31,1520.859375
2023-02-01,1516.6976318359375
2023-02-02,1513.494384765625
2023-02-03,1497.0850830078125
2023-02-06,1500.4305419921875
2023-02-07,1516.9041748046875
2023-02-08,1513.10791015625
2023-02-09,1521.498291015625
2023-02-10,1532.0450439453125
2023-02-13,1527.5069580078125
2023-02-14,1546.810546875
2023-02-15,1548.8045654296875
2023-02-16,1545.2542724609375
2023-02-17,1543.20068359375
2023-02-20,1556.427001953125
2023-02-21,1560.2906494140625
2023-02-22,1581.1951904296875
2023-02-23,1569.5234375
2023-02-24,1559.9111328125
2023-02-27,1568.9793701171875
2023-02-28,1589.132080078125
2023-03-01,1590.2869873046875
2023-03-02,1570.349609375
2023-03-03,1566.9415283203125
2023-03-06,1557.330322265625
2023-03-07,1562.086669921875
2023-03-08,1558.7410888671875
2023-03-09,1559.9227294921875
2023-03-10,1580.2744140625
2023-03-13,1594.03759765625
2023-03-14,1577.3924560546875
2023-03-15,1585.238525390625
2023-03-16,1583.1849365234375
2023-03-17,1576.23095703125
2023-03-20,1592.4908447265625
2023-03-21,1601.654541015625
2023-03-22,1593.408447265625
2023-03-23,1594.1673583984375
2023-03-24,1579.6363525390625
2023-03-27,1585.3443603515625
2023-03-28,1595.8192138671875
2023-03-29,1599.1861572265625
2023-03-30,1609.2803955078125
2023-03-31,1605.910888671875
2023-04-03,1603.8428955078125
2023-04-04,1625.0078125
2023-04-05,1640.2254638671875
2023-04-06,1640.2392578125
2023-04-07,1639.2288818359375
2023-04-10,1635.2572021484375
2023-04-11,1636.7781982421875
2023-04-12,1642.6627197265625
2023-04-13,1652.504638671875
2023-04-14,1630.0067138671875
2023-04-17,1615.9940185546875
2023-04-18,1628.779296875
2023-04-19,1635.7288818359375
2023-04-20,1648.9581298828125
2023-04-21,1646.6578369140625
2023-04-24,1654.816162109375
2023-04-25,1665.875
2023-04-26,1663.9149169921875
2023-04-27,1668.408447265625
2023-04-28,1673.9027099609375
2023-05-01,1679.134033203125
2023-05-02,1676.454833984375
2023-05-03,1674.693115234375
2023-05-04,1678.2890625
2023-05-05,1661.8642578125
2023-05-08,1663.311279296875
2023-05-09,1667.8353271484375
2023-05-10,1674.03076171875
2023-05-11,1664.257080078125
2023-05-12,1663.3687744140625
2023-05-15,1670.3231201171875
2023-05-16,1672.5750732421875
2023-05-17,1675.9111328125
2023-05-18,1665.3975830078125
2023-05-19,1656.6318359375
2023-05-22,1649.9002685546875
2023-05-23,1633.6090087890625
2023-05-24,1638.8199462890625
2023-05-25,1631.10498046875
2023-05-26,1639.370361328125
2023-05-29,1632.7506103515625
2023-05-30,1635.7203369140625
2023-05-31,1638.16796875
2023-06-01,1645.08056640625
2023-06-02,1644.4027099609375
2023-06-05,1622.360107421875
2023-06-06,1615.8905029296875
2023-06-07,1614.6351318359375
2023-06-08,1628.1187744140625
2023-06-09,1628.064453125
2023-06-12,1618.7325439453125
2023-06-13,1607.6441650390625
2023-06-14,1598.0081787109375
2023-06-15,1614.1678466796875
2023-06-16,1623.782958984375
2023-06-19,1637.449462890625
2023-06-20,1641.7066650390625
2023-06-21,1643.5701904296875
2023-06-22,1645.461669921875
2023-06-23,1654.866943359375
2023-06-26,1664.5281982421875
2023-06-27,1656.68994140625
2023-06-28,1652.393310546875
2023-06-29,1654.942626953125
2023-06-30,1668.9835205078125
2023-07-03,1669.480224609375
2023-07-04,1657.7607421875
2023-07-05,1647.527099609375
2023-07-06,1655.652099609375
2023-07-07,1668.242431640625
2023-07-10,1665.7293701171875
2023-07-11,1671.756591796875
2023-07-12,1670.5709228515625
2023-07-13,1656.583984375
2023-07-14,1663.11767578125
2023-07-17,1660.2069091796875
2023-07-18,1654.20458984375
2023-07-19,1648.8284912109375
2023-07-20,1637.447998046875
2023-07-21,1645.6201171875
2023-07-24,1652.4002685546875
2023-07-25,1640.6534423828125
2023-07-26,1642.022705078125
2023-07-27,1648.46484375
2023-07-28,1642.493896484375
2023-07-31,1635.4627685546875
2023-08-01,1640.053955078125
2023-08-02,1649.43505859375
2023-08-03,1650.353271484375
2023-08-04,1648.50390625
2023-08-07,1661.1741943359375
2023-08-08,1671.56640625
2023-08-09,1677.607177734375
2023-08-10,1670.9788818359375
2023-08-11,1670.2520751953125
2023-08-14,1687.82568359375
2023-08-15,1693.1019287109375
2023-08-16,1700.429931640625
2023-08-17,1709.82177734375
2023-08-18,1707.0086669921875
2023-08-21,1706.26416015625
2023-08-22,1710.2532958984375
2023-08-23,1705.4884033203125
2023-08-24,1693.0611572265625
2023-08-25,1670.5325927734375
2023-08-28,1666.31201171875
2023-08-29,1667.6082763671875
2023-08-30,1669.3876953125
2023-08-31,1681.57373046875
2023-09-01,1678.6400146484375
2023-09-04,1658.830810546875
2023-09-05,1663.57421875
2023-09-06,1673.1463623046875
2023-09-07,1666.61669921875
2023-09-08,1667.6978759765625
2023-09-11,1667.7115478515625
2023-09-12,1651.6029052734375
2023-09-13,1653.438232421875
2023-09-14,1655.3355712890625
2023-09-15,1646.3935546875
2023-09-18,1646.723388671875
2023-09-19,1646.55615234375
2023-09-20,1646.44140625
2023-09-21,1643.67333984375
2023-09-22,1648.1636962890625
2023-09-25,1633.74072265625
2023-09-26,1634.6083984375
2023-09-27,1644.287353515625
2023-09-28,1639.091796875
2023-09-29,1644.363037109375
2023-10-02,1648.33544921875
2023-10-03,1637.076904296875
2023-10-04,1641.6494140625
2023-10-05,1639.876708984375
2023-10-06,1640.03759765625
2023-10-09,1641.5670166015625
2023-10-10,1649.9130859375
2023-10-11,1649.0909423828125
2023-10-12,1645.2838134765625
2023-10-13,1642.7244873046875
2023-10-16,1643.184814453125
2023-10-17,1645.9482421875
2023-10-18,1647.677001953125
2023-10-19,1644.4447021484375
2023-10-20,1646.289794921875
2023-10-23,1641.21337890625
2023-10-24,1644.661376953125
2023-10-25,1634.0419921875
2023-10-26,1637.022705078125
2023-10-27,1638.8118896484375
2023-10-30,1641.567626953125
2023-10-31,1640.0277099609375
2023-11-01,1640.6043701171875
2023-11-02,1641.0809326171875
2023-11-03,1625.8045654296875
2023-11-06,1618.54150390625
2023-11-07,1601.2418212890625
2023-11-08,1603.4686279296875
2023-11-09,1606.9283447265625
2023-11-10,1607.758056640625
2023-11-13,1610.637939453125
2023-11-14,1619.84228515625
2023-11-15,1629.46484375
2023-11-16,1617.126953125
2023-11-17,1604.4317626953125
2023-11-20,1613.3250732421875
2023-11-21,1611.4061279296875
2023-11-22,1624.6229248046875
2023-11-23,1618.674072265625
2023-11-24,1629.4830322265625
2023-11-27,1625.0858154296875
2023-11-28,1645.5850830078125
2023-11-29,1636.6837158203125
2023-11-30,1635.701171875
2023-12-01,1637.8277587890625
2023-12-04,1644.81396484375
2023-12-05,1654.44189453125
2023-12-06,1654.0975341796875
2023-12-07,1649.8009033203125
2023-12-08,1652.5072021484375
2023-12-11,1652.525390625
2023-12-12,1649.0126953125
2023-12-13,1646.9287109375
2023-12-14,1630.9365234375
2023-12-15,1649.687744140625
2023-12-18,1617.4739990234375
2023-12-19,1648.3367919921875
2023-12-20,1652.0399169921875
2023-12-21,1639.4951171875
2023-12-22,1639.766357421875
2023-12-25,1644.4686279296875
2023-12-26,1644.8614501953125
2023-12-27,1646.6590576171875
2023-12-28,1657.0806884765625
2023-12-29,1627.3289794921875
2024-01-01,1647.427490234375
2024-01-02,1645.77001953125
2024-01-03,1650.608154296875
2024-01-04,1660.2261962890625
2024-01-05,1663.0877685546875
2024-01-08,1670.498779296875
2024-01-09,1671.689697265625
2024-01-10,1677.4603271484375
2024-01-11,1679.0819091796875
2024-01-12,1676.2681884765625
2024-01-15,1671.3480224609375
2024-01-16,1678.102294921875
2024-01-17,1690.7298583984375
2024-01-18,1703.808837890625
2024-01-19,1699.878662109375
2024-01-22,1694.5633544921875
2024-01-23,1701.437744140625
2024-01-24,1696.62109375
2024-01-25,1691.3372802734375
2024-01-26,1696.852294921875
2024-01-29,1696.631103515625
2024-01-30,1694.902099609375
2024-01-31,1684.062255859375
2024-02-01,1691.126708984375
2024-02-02,1693.944091796875
2024-02-05,1689.079345703125
2024-02-06,1671.3441162109375
2024-02-07,1672.3365478515625
2024-02-08,1676.37255859375
2024-02-09,1680.2791748046875
2024-02-12,1681.3758544921875
2024-02-13,1677.7545166015625
2024-02-14,1688.128662109375
2024-02-15,1666.5723876953125
2024-02-16,1672.642578125
2024-02-19,1679.2100830078125
2024-02-20,1678.2232666015625
2024-02-21,1684.1341552734375
2024-02-22,1684.4053955078125
2024-02-23,1680.6534423828125
2024-02-26,1685.3770751953125
2024-02-27,1689.39794921875
2024-02-28,1688.8135986328125
2024-02-29,1688.1005859375
2024-03-01,1685.6351318359375
2024-03-04,1684.89013671875
2024-03-05,1687.585693359375
2024-03-06,1694.4595947265625
2024-03-07,1690.000732421875
2024-03-08,1692.8438720703125
2024-03-11,1691.94287109375
2024-03-12,1679.71337890625
2024-03-13,1677.5740966796875
2024-03-14,1681.6549072265625
2024-03-15,1684.399658203125
2024-03-18,1692.5955810546875
2024-03-19,1700.357666015625
2024-03-20,1700.6104736328125
2024-03-21,1702.279296875
2024-03-22,1689.757080078125
2024-03-25,1693.13330078125
2024-03-26,1692.2950439453125
2024-03-27,1696.039794921875
2024-03-28,1703.0028076171875
2024-03-29,1704.185302734375
2024-04-01,1699.9329833984375
2024-04-02,1700.705078125
2024-04-03,1698.6556396484375
2024-04-04,1701.516845703125
2024-04-05,1708.1605224609375
2024-04-08,1704.7679443359375
2024-04-09,1714.093994140625
2024-04-10,1711.3280029296875
2024-04-11,1709.679443359375
2024-04-12,1717.3563232421875
2024-04-15,1719.2044677734375
2024-04-16,1727.1607666015625
2024-04-17,1728.8582763671875
2024-04-18,1718.00390625
2024-04-19,1715.56494140625
2024-04-22,1700.2821044921875
2024-04-23,1702.78662109375
2024-04-24,1706.466064453125
2024-04-25,1715.5618896484375
2024-04-26,1715.76171875
2024-04-29,1722.40673828125
2024-04-30,1726.479248046875
2024-05-01,1730.3758544921875
2024-05-02,1724.18115234375
2024-05-03,1711.211669921875
2024-05-06,1699.44189453125
2024-05-07,1698.2259521484375
2024-05-08,1697.289794921875
2024-05-09,1701.4678955078125
2024-05-10,1710.2774658203125
2024-05-13,1715.7886962890625
2024-05-14,1713.0672607421875
2024-05-15,1714.8052978515625
2024-05-16,1717.7447509765625
2024-05-17,1705.6185302734375
2024-05-20,1719.7916259765625
2024-05-21,1728.7459716796875
2024-05-22,1733.19775390625
2024-05-23,1736.980712890625
2024-05-24,1736.087158203125
2024-05-27,1739.2261962890625
2024-05-28,1738.0526123046875
2024-05-29,1738.59130859375
2024-05-30,1740.226318359375
2024-05-31,1750.988037109375
2024-06-03,1761.37744140625
2024-06-04,1755.937255859375
2024-06-05,1754.59765625
2024-06-06,1751.1466064453125
2024-06-07,1746.40234375
2024-06-10,1755.3875732421875
2024-06-11,1748.46337890625
2024-06-12,1754.93408203125
2024-06-13,1753.5972900390625
2024-06-14,1752.3311767578125
2024-06-17,1753.02783203125
2024-06-18,1753.2071533203125
2024-06-19,1751.972900390625
2024-06-20,1756.85302734375
2024-06-21,1762.0650634765625
2024-06-24,1754.5240478515625
2024-06-25,1757.7958984375
2024-06-26,1764.193359375
2024-06-27,1758.6519775390625
2024-06-28,1753.834716796875
2024-07-01,1745.76611328125
2024-07-02,1746.9461669921875
2024-07-03,1755.341796875
2024-07-04,1767.4718017578125
2024-07-05,1760.52294921875
2024-07-08,1762.833251953125
2024-07-09,1771.9385986328125
2024-07-10,1768.1624755859375
2024-07-11,1777.5078125
2024-07-12,1771.9871826171875
2024-07-15,1781.827880859375
2024-07-16,1794.5528564453125
2024-07-17,1794.2265625
2024-07-18,1793.1676025390625
2024-07-19,1793.9921875
2024-07-22,1796.091796875
2024-07-23,1793.7642822265625
2024-07-24,1786.21923828125
2024-07-25,1783.5697021484375
2024-07-26,1777.7734375
2024-07-29,1778.442626953125
2024-07-30,1775.7244873046875
2024-07-31,1776.14306640625
2024-08-01,1758.138916015625
2024-08-02,1742.490234375
2024-08-05,1735.555908203125
2024-08-06,1748.900146484375
2024-08-07,1732.6517333984375
2024-08-08,1743.771484375
2024-08-09,1751.1727294921875
2024-08-12,1738.82666015625
2024-08-13,1748.916259765625
2024-08-14,1752.4718017578125
2024-08-15,1738.8365478515625
2024-08-16,1753.372314453125
2024-08-19,1746.4219970703125
2024-08-20,1728.8197021484375
2024-08-21,1730.4110107421875
2024-08-22,1746.0281982421875
2024-08-23,1754.5877685546875
2024-08-26,1748.82763671875
2024-08-27,1750.03466796875
2024-08-28,1758.2469482421875
2024-08-29,1763.326904296875
2024-08-30,1754.724609375
2024-09-02,1754.824951171875
2024-09-03,1757.506103515625
2024-09-04,1757.453369140625
2024-09-05,1753.816650390625
2024-09-06,1755.7601318359375
2024-09-09,1756.929443359375
2024-09-10,1753.7840576171875
2024-09-11,1757.0062255859375
2024-09-12,1746.15673828125
2024-09-13,1753.9674072265625
2024-09-16,1746.4713134765625
2024-09-17,1742.572509765625
2024-09-18,1741.946533203125
2024-09-19,1745.47705078125
2024-09-20,1763.21142578125
2024-09-23,1772.568115234375
2024-09-24,1780.3082275390625
2024-09-25,1778.925048828125
2024-09-26,1776.589599609375
2024-09-27,1761.081298828125
2024-09-30,1752.239990234375
2024-10-01,1759.7640380859375
2024-10-02,1758.5982666015625
2024-10-03,1756.357421875
2024-10-04,1751.9989013671875
2024-10-07,1766.3973388671875
2024-10-08,1756.5599365234375
2024-10-09,1756.3079833984375
2024-10-10,1754.9967041015625
2024-10-11,1762.78759765625
2024-10-14,1759.177001953125
2024-10-15,1773.154541015625
2024-10-16,1781.1895751953125
2024-10-17,1772.02197265625
2024-10-18,1783.0369873046875
2024-10-21,1786.869384765625
2024-10-22,1786.8345947265625
2024-10-23,1787.1580810546875
2024-10-24,1778.4405517578125
2024-10-25,1786.8739013671875
2024-10-28,1798.1534423828125
2024-10-29,1792.7872314453125
2024-10-30,1799.92578125
2024-10-31,1785.6512451171875
2024-11-01,1770.7364501953125
2024-11-04,1786.88623046875
2024-11-05,1781.418212890625
2024-11-06,1796.9732666015625
2024-11-07,1803.3431396484375
2024-11-08,1781.1240234375
2024-11-11,1804.9715576171875
2024-11-12,1802.8924560546875
2024-11-13,1791.7967529296875
2024-11-14,1777.5914306640625
2024-11-15,1777.8397216796875
2024-11-18,1759.65380859375
2024-11-19,1761.6705322265625
2024-11-20,1767.1715087890625
2024-11-21,1768.501220703125
2024-11-22,1761.5999755859375
2024-11-25,1767.427490234375
2024-11-26,1749.5565185546875
2024-11-27,1754.2952880859375
2024-11-28,1763.3345947265625
2024-11-29,1768.921630859375
2024-12-02,1770.9652099609375
2024-12-03,1773.3814697265625
2024-12-04,1793.0794677734375
2024-12-05,1791.787841796875
2024-12-06,1802.6156005859375
2024-12-09,1815.7039794921875
2024-12-10,1818.7381591796875
2024-12-11,1832.3834228515625
2024-12-12,1822.777099609375
2024-12-13,1811.435546875
2024-12-16,1811.2945556640625
2024-12-17,1816.49169921875
2024-12-18,1823.2105712890625
2024-12-19,1824.04248046875
2024-12-20,1796.3858642578125
2024-12-23,1816.2530517578125
2024-12-24,1808.1893310546875
2024-12-25,1821.7696533203125
2024-12-26,1828.2742919921875
2024-12-27,1836.5186767578125
2024-12-30,1852.48779296875
2024-12-31,1843.57275390625
2025-01-02,1841.2803955078125
2025-01-03,1821.7493896484375
2025-01-06,1823.3138427734375
2025-01-07,1828.45849609375
2025-01-08,1808.6890869140625
2025-01-09,1801.8760986328125
2025-01-10,1792.8507080078125
2025-01-13,1798.4219970703125
2025-01-14,1788.03857421875
2025-01-15,1738.0745849609375
2025-01-16,1768.479736328125
2025-01-17,1778.21826171875
2025-01-20,1773.526611328125
2025-01-21,1770.292236328125
2025-01-22,1769.1629638671875
2025-01-23,1766.20166015625
2025-01-24,1771.202392578125
2025-01-27,1778.4130859375
2025-01-28,1788.4637451171875
2025-01-29,1795.730224609375
2025-01-30,1797.1278076171875
2025-01-31,1789.7064208984375
2025-02-03,1790.2615966796875
2025-02-04,1813.6109619140625
2025-02-05,1809.652099609375
2025-02-06,1805.34765625
2025-02-07,1793.6019287109375
2025-02-10,1802.1810302734375
2025-02-11,1795.9932861328125
2025-02-12,1806.2801513671875
2025-02-13,1807.839599609375
2025-02-14,1807.779296875
2025-02-17,1811.3214111328125
2025-02-18,1818.9837646484375
2025-02-19,1817.4334716796875
2025-02-20,1811.6146240234375
2025-02-21,1813.90869140625
2025-02-24,1811.351318359375
2025-02-25,1802.4285888671875
2025-02-26,1811.5689697265625
2025-02-27,1819.07177734375
2025-02-28,1826.583740234375
2025-03-03,1839.90625
2025-03-04,1851.56298828125
2025-03-05,1858.5775146484375
2025-03-06,1860.2579345703125
2025-03-07,1863.914306640625
2025-03-10,1872.54296875
2025-03-11,1875.984130859375
2025-03-12,1878.4281005859375
2025-03-13,1878.0301513671875
2025-03-14,1880.85302734375
2025-03-17,1873.9007568359375
2025-03-18,1872.012451171875
2025-03-19,1882.2872314453125
2025-03-20,1894.957275390625
2025-03-21,1899.779541015625
2025-03-24,1893.4049072265625
2025-03-25,1893.5662841796875
2025-03-26,1892.58740234375
2025-03-27,1887.3157958984375
2025-03-28,1893.35791015625
2025-03-31,1901.1767578125
2025-04-01,1900.532958984375
2025-04-02,1899.65234375
2025-04-03,1912.841552734375
2025-04-04,1898.74609375
2025-04-07,1882.71435546875
2025-04-08,1871.66552734375
2025-04-09,1900.5556640625
2025-04-10,1855.9539794921875
2025-04-11,1886.868896484375
2025-04-14,1856.61767578125
2025-04-15,1869.6259765625
2025-04-16,1888.0421142578125
2025-04-17,1870.3043212890625
2025-04-22,1901.923095703125
2025-04-23,1897.0142822265625
2025-04-24,1892.3203125
2025-04-25,1905.704833984375
2025-04-28,1910.2017822265625
2025-04-29,1929.259033203125
2025-04-30,1919.17822265625
2025-05-01,1896.9295654296875
2025-05-02,1906.55224609375
2025-05-05,1856.4376220703125
2025-05-06,1826.7694091796875
2025-05-07,1836.0142822265625
2025-05-08,1855.85546875
2025-05-09,1857.8045654296875
2025-05-12,1854.24365234375
2025-05-13,1865.8857421875
2025-05-14,1883.7935791015625
2025-05-15,1866.8568115234375
2025-05-16,1858.8145751953125
2025-05-19,1860.0316162109375
2025-05-20,1855.12353515625
2025-05-21,1865.84228515625
2025-05-22,1843.7362060546875
2025-05-23,1853.7744140625
2025-05-26,1847.250244140625
2025-05-27,1855.8309326171875
2025-05-28,1857.687255859375
2025-05-29,1844.8232421875
2025-05-30,1849.7806396484375
2025-06-02,1860.9652099609375
2025-06-03,1865.351806640625
2025-06-04,1864.1265869140625
2025-06-05,1844.5203857421875
2025-06-06,1839.596435546875
2025-06-09,1840.025390625
2025-06-10,1835.2933349609375
2025-06-11,1841.7867431640625
2025-06-12,1852.8382568359375
2025-06-13,1839.2767333984375
2025-06-16,1850.1224365234375
2025-06-17,1841.8193359375
2025-06-18,1853.903564453125
2025-06-19,1838.9825439453125
2025-06-20,1846.731201171875
2025-06-23,1839.980712890625
2025-06-24,1846.54248046875
2025-06-25,1843.0811767578125
2025-06-26,1857.9144287109375
2025-06-27,1856.3763427734375
2025-06-30,1870.6220703125
2025-07-01,1851.6865234375
2025-07-02,1863.3411865234375
2025-07-03,1849.2608642578125
2025-07-04,1854.721923828125
2025-07-07,1859.53173828125
2025-07-08,1872.6279296875
2025-07-09,1860.15869140625
2025-07-10,1866.1737060546875
2025-07-11,1863.8477783203125
2025-07-14,1859.577392578125
2025-07-15,1855.70703125
2025-07-16,1856.819580078125
2025-07-17,1857.08349609375
2025-07-18,1869.1722412109375
2025-07-21,1865.51025390625
2025-07-22,1863.8988037109375
2025-07-23,1864.26171875
2025-07-24,1865.3775634765625
2025-07-25,1853.490478515625
2025-07-28,1858.325439453125
2025-07-29,1854.638916015625
2025-07-30,1854.5333251953125
2025-07-31,1844.783203125
2025-08-01,1836.7236328125
2025-08-04,1847.55029296875
2025-08-05,1839.7335205078125
2025-08-06,1844.248779296875
2025-08-07,1849.20654296875
2025-08-08,1862.9586181640625
2025-08-11,1865.77490234375
2025-08-12,1867.1566162109375
2025-08-13,1867.6650390625
2025-08-14,1873.0115966796875
2025-08-15,1877.8092041015625
2025-08-18,1881.458251953125
2025-08-19,1873.316650390625
2025-08-20,1876.3958740234375
2025-08-21,1881.0689697265625
2025-08-22,1878.053466796875
2025-08-25,1868.3284912109375
2025-08-26,1868.6680908203125
2025-08-27,1878.87939453125
2025-08-28,1880.69677734375
2025-08-29,1870.4072265625
2025-09-01,1875.505615234375
